"","id_sp","ID","KM2","GROUP"
"1","1-Alpine Sphagnum Bogs and Associated Fens",1,17521.54348,"tec"
"2","2-Aquatic Root Mat Community 1 in Caves of the Leeuwin Naturaliste Ridge",2,2.962529206,"tec"
"3","3-Aquatic Root Mat Community 2 in Caves of the Leeuwin Naturaliste Ridge",3,2.936168642,"tec"
"4","4-Aquatic Root Mat Community 3 in Caves of the Leeuwin Naturaliste Ridge",4,2.988868766,"tec"
"5","5-Aquatic Root Mat Community 4 in Caves of the Leeuwin Naturaliste Ridge",5,2.811091311,"tec"
"6","6-Aquatic Root Mat Community in Caves of the Swan Coastal Plain",6,8.016857086,"tec"
"7","7-Arnhem Plateau Sandstone Shrubland Complex",7,9453.390183,"tec"
"8","8-Assemblages of plants and invertebrate animals of tumulus (organic mound) springs of the Swan Coastal Plain",8,5.740277597,"tec"
"9","9-Assemblages of species associated with open-coast salt-wedge estuaries of western and central Victoria ecological community",9,22.62658909,"tec"
"10","10-Banksia Woodlands of the Swan Coastal Plain ecological community",10,2720.226876,"tec"
"11","11-Blue Gum High Forest of the Sydney Basin Bioregion",11,0.777812338,"tec"
"12","12-Brigalow (Acacia harpophylla dominant and co-dominant)",12,6766.422131,"tec"
"13","13-Broad leaf tea-tree (Melaleuca viridiflora) woodlands in high rainfall coastal north Queensland",13,424.291729,"tec"
"14","14-Buloke Woodlands of the Riverina and Murray-Darling Depression Bioregions",14,293.0627698,"tec"
"15","15-Castlereagh Scribbly Gum and Agnes Banks Woodlands of the Sydney Basin Bioregion",15,29.61926865,"tec"
"16","16-Central Hunter Valley eucalypt forest and woodland",16,162.8949786,"tec"
"17","17-Clay Pans of the Swan Coastal Plain",17,31.19780202,"tec"
"18","18-Coastal Swamp Oak (Casuarina glauca) Forest of New South Wales and South East Queensland ecological community",18,556.9943788,"tec"
"19","19-Coastal Upland Swamps in the Sydney Basin Bioregion",19,129.0168422,"tec"
"20","20-Cooks River/Castlereagh Ironbark Forest of the Sydney Basin Bioregion",20,11.42919156,"tec"
"21","21-Coolibah - Black Box Woodlands of the Darling Riverine Plains and the Brigalow Belt South Bioregions",21,16800.58888,"tec"
"22","22-Corymbia calophylla - Kingia australis woodlands on heavy soils of the Swan Coastal Plain",22,5.460153047,"tec"
"23","23-Corymbia calophylla - Xanthorrhoea preissii woodlands and shrublands of the Swan Coastal Plain",23,5.504574885,"tec"
"24","24-Cumberland Plain Shale Woodlands and Shale-Gravel Transition Forest",24,92.89452361,"tec"
"25","25-Eastern Stirling Range Montane Heath and Thicket",25,5.469830122,"tec"
"26","26-Eastern Suburbs Banksia Scrub of the Sydney Region",26,2.209302492,"tec"
"27","27-Eucalypt Woodlands of the Western Australian Wheatbelt",27,5616.142859,"tec"
"28","28-Eucalyptus ovata - Callitris oblonga Forest",28,25.19873543,"tec"
"29","29-Eyre Peninsula Blue Gum (Eucalyptus petiolaris) Woodland",29,23.68597726,"tec"
"30","30-Giant Kelp Marine Forests of South East Australia",30,4.132153527,"tec"
"31","31-Gippsland Red Gum (Eucalyptus tereticornis subsp. mediana) Grassy Woodland and Associated Native Grassland",31,401.3754769,"tec"
"32","32-Grassy Eucalypt Woodland of the Victorian Volcanic Plain",32,1681.709538,"tec"
"33","33-Grey Box (Eucalyptus microcarpa) Grassy Woodlands and Derived Native Grasslands of South-eastern Australia",33,10205.28648,"tec"
"34","34-Hunter Valley Weeping Myall (Acacia pendula) Woodland",34,0.020568675,"tec"
"35","35-Illawarra and south coast lowland forest and woodland ecological community",35,42.3705286,"tec"
"36","36-Illawarra-Shoalhaven Subtropical Rainforest of the Sydney Basin Bioregion",36,669.3033419,"tec"
"37","37-Iron-grass Natural Temperate Grassland of South Australia",37,36.99531665,"tec"
"38","38-Kangaroo Island Narrow-leaved Mallee (Eucalyptus cneorifolia) Woodland",38,49.51260322,"tec"
"39","39-Littoral Rainforest and Coastal Vine Thickets of Eastern Australia",39,456.4883747,"tec"
"40","40-Lowland Grassy Woodland in the South East Corner Bioregion",40,163.5027761,"tec"
"41","41-Lowland Native Grasslands of Tasmania",41,105.3325562,"tec"
"42","42-Lowland Rainforest of Subtropical Australia",42,5775.736886,"tec"
"43","43-Mabi Forest (Complex Notophyll Vine Forest 5b)",43,7.303409849,"tec"
"44","44-Monsoon vine thickets on the coastal sand dunes of Dampier Peninsula",44,239.5603407,"tec"
"45","45-Natural Damp Grassland of the Victorian Coastal Plains",45,1.498937351,"tec"
"46","46-Natural Grasslands of the Murray Valley Plains",46,525.5874677,"tec"
"47","47-Natural Grasslands of the Queensland Central Highlands and northern Fitzroy Basin",47,4309.571727,"tec"
"48","48-Natural grasslands on basalt and fine-textured alluvial plains of northern New South Wales and southern Queensland",48,14765.4412,"tec"
"49","49-Natural Temperate Grassland of the South Eastern Highlands",49,18177.76804,"tec"
"50","50-Natural Temperate Grassland of the Victorian Volcanic Plain",50,471.2732696,"tec"
"51","51-New England Peppermint (Eucalyptus nova-anglica) Grassy Woodlands",51,150.5357955,"tec"
"52","52-Peppermint Box (Eucalyptus odorata) Grassy Woodland of South Australia",52,289.0084101,"tec"
"53","53-Perched Wetlands of the Wheatbelt region with extensive stands of living sheoak and paperbark across the lake floor (Toolibin Lake)",53,3.164556465,"tec"
"54","54-Poplar Box Grassy Woodland on Alluvial Plains",54,79549.26273,"tec"
"55","55-Posidonia australis seagrass meadows of the Manning-Hawkesbury ecoregion",55,15.46181639,"tec"
"56","56-Proteaceae Dominated Kwongkan Shrublands of the Southeast Coastal Floristic Province of Western Australia",56,11443.89886,"tec"
"57","57-Robertson Rainforest in the Sydney Basin Bioregion",57,110.6564772,"tec"
"58","58-Scott River Ironstone Association",58,5.128347193,"tec"
"59","59-Seasonal Herbaceous Wetlands (Freshwater) of the Temperate Lowland Plains",59,117.1920049,"tec"
"60","60-Sedgelands in Holocene dune swales of the southern Swan Coastal Plain",60,55.28217488,"tec"
"61","61-Semi-evergreen vine thickets of the Brigalow Belt (North and South) and Nandewar Bioregions",61,3054.584512,"tec"
"62","62-Shale Sandstone Transition Forest of the Sydney Basin Bioregion",62,93.73863682,"tec"
"63","63-Shrublands and Woodlands of the eastern Swan Coastal Plain",63,2.675995172,"tec"
"64","64-Shrublands and Woodlands on Muchea Limestone of the Swan Coastal Plain",64,3.935547002,"tec"
"65","65-Shrublands and Woodlands on Perth to Gingin ironstone (Perth to Gingin ironstone association) of the Swan Coastal Plain",65,3.437359384,"tec"
"66","66-Shrublands on southern Swan Coastal Plain ironstones",66,0.628707106,"tec"
"67","67-Silurian Limestone Pomaderris Shrubland of the South East Corner and Australian Alps Bioregions",67,2.667092755,"tec"
"68","68-Southern Highlands Shale Forest and Woodland in the Sydney Basin Bioregion",68,61.30690643,"tec"
"69","69-Subtropical and Temperate Coastal Saltmarsh",69,2403.692423,"tec"
"70","70-Swamp Tea-tree (Melaleuca irbyana) Forest of South-east Queensland",70,3.074194262,"tec"
"71","71-Swamps of the Fleurieu Peninsula",71,20.79700323,"tec"
"72","72-Tasmanian Forests and Woodlands dominated by black gum or Brookers gum (Eucalyptus ovata / E. brookeriana)",72,10487.18761,"tec"
"73","73-Temperate Highland Peat Swamps on Sandstone",73,43.23981254,"tec"
"74","74-The community of native species dependent on natural discharge of groundwater from the Great Artesian Basin",74,10721.67157,"tec"
"75","75-Thrombolite (microbial) community of coastal freshwater lakes of the Swan Coastal Plain (Lake Richmond)",75,0.258624992,"tec"
"76","76-Thrombolite (microbialite) Community of a Coastal Brackish Lake (Lake Clifton)",76,2.221347963,"tec"
"77","77-Tuart (Eucalyptus gomphocephala) Woodlands and Forests of the Swan Coastal Plain ecological community",77,1190.017997,"tec"
"78","78-Turpentine-Ironbark Forest of the Sydney Basin Bioregion",78,28.25802734,"tec"
"79","79-Upland Basalt Eucalypt Forests of the Sydney Basin Bioregion",79,789.0019443,"tec"
"80","80-Upland Wetlands of the New England Tablelands (New England Tableland Bioregion) and the Monaro Plateau (South Eastern Highlands Bioregion)",80,21.75573967,"tec"
"81","81-Weeping Myall Woodlands",81,14504.83738,"tec"
"82","82-Western Sydney Dry Rainforest and Moist Woodland on Shale",82,14.37566395,"tec"
"83","83-White Box-Yellow Box-Blakely's Red Gum Grassy Woodland and Derived Native Grassland",83,17870.86589,"tec"
"84","84-Acacia ammophila",84,2669.524989,"species"
"85","85-Acacia anomala",85,22.73921076,"species"
"86","86-Acacia aphylla",86,38.4311777,"species"
"87","87-Acacia aprica",87,1035.749919,"species"
"88","88-Acacia araneosa",88,88.12250817,"species"
"89","89-Acacia aristulata",89,33.80579137,"species"
"90","90-Acacia ataxiphylla subsp. magna",90,172.4977774,"species"
"91","91-Acacia attenuata",91,1207.685486,"species"
"92","92-Acacia auratiflora",92,92.77356905,"species"
"93","93-Acacia awestoniana",93,56.01597212,"species"
"94","94-Acacia axillaris",94,678.4957967,"species"
"95","95-Acacia brachypoda",95,50.74941036,"species"
"96","96-Acacia bynoeana",96,2095.221958,"species"
"97","97-Acacia chapmanii subsp. australis",97,1.193344798,"species"
"98","98-Acacia cochlocarpa subsp. cochlocarpa",98,110.0272037,"species"
"99","99-Acacia cochlocarpa subsp. velutinosa",99,151.8119923,"species"
"100","100-Acacia constablei",100,24.80505547,"species"
"101","101-Acacia courtii",101,66.74213152,"species"
"102","102-Acacia cretacea",102,4.46636084,"species"
"103","103-Acacia crombiei",103,7501.745843,"species"
"104","104-Acacia curranii",104,4986.558344,"species"
"105","105-Acacia denticulosa",105,94.37744526,"species"
"106","106-Acacia deuteroneura",106,255.0899336,"species"
"107","107-Acacia enterocarpa",107,166.8214982,"species"
"108","108-Acacia equisetifolia",108,150.924022,"species"
"109","109-Acacia eremophiloides",109,11.63581654,"species"
"110","110-Acacia flocktoniae",110,573.736723,"species"
"111","111-Acacia forrestiana",111,415.7403892,"species"
"112","112-Acacia georgensis",112,386.5489403,"species"
"113","113-Acacia glandulicarpa",113,1107.824645,"species"
"114","114-Acacia gordonii",114,208.5094066,"species"
"115","115-Acacia grandifolia",115,928.9323052,"species"
"116","116-Acacia handonis",116,97.54333266,"species"
"117","117-Acacia imitans",117,740.1862202,"species"
"118","118-Acacia insolita subsp. recurva",118,194.0127803,"species"
"119","119-Acacia lanuginophylla",119,678.1362899,"species"
"120","120-Acacia latzii",120,10952.43423,"species"
"121","121-Acacia lauta",121,371.2695622,"species"
"122","122-Acacia leptalea",122,276.2354656,"species"
"123","123-Acacia leptoneura",123,0.179802441,"species"
"124","124-Acacia lobulata",124,1599.748584,"species"
"125","125-Acacia macnuttiana",125,1158.561313,"species"
"126","126-Acacia meiantha",126,16.39654154,"species"
"127","127-Acacia menzelii",127,171.1895214,"species"
"128","128-Acacia peuce",128,3379.060278,"species"
"129","129-Acacia pharangites",129,18.01189105,"species"
"130","130-Acacia phasmoides",130,249.8018401,"species"
"131","131-Acacia pickardii",131,12158.59818,"species"
"132","132-Acacia pinguifolia",132,1164.050106,"species"
"133","133-Acacia porcata",133,11.63581654,"species"
"134","134-Acacia praemorsa",134,107.0147318,"species"
"135","135-Acacia praetermissa",135,167.6662928,"species"
"136","136-Acacia pubescens",136,1008.452356,"species"
"137","137-Acacia pubifolia",137,146.7726717,"species"
"138","138-Acacia purpureopetala",138,834.5636936,"species"
"139","139-Acacia pycnostachya",139,189.9985872,"species"
"140","140-Acacia pygmaea",140,58.81385898,"species"
"141","141-Acacia recurvata",141,39.51553741,"species"
"142","142-Acacia rhamphophylla",142,29.93149427,"species"
"143","143-Acacia rhetinocarpa",143,925.091841,"species"
"144","144-Acacia sciophanes",144,98.2998058,"species"
"145","145-Acacia spilleriana",145,303.5065083,"species"
"146","146-Acacia subflexuosa subsp. capillata",146,11.70616448,"species"
"147","147-Acacia terminalis subsp. terminalis MS",147,45.19871869,"species"
"148","148-Acacia undoolyana",148,103.7351341,"species"
"149","149-Acacia unguicula",149,8.343441597,"species"
"150","150-Acacia vassalii",150,160.1364131,"species"
"151","151-Acacia volubilis",151,66.78433541,"species"
"152","152-Acacia whibleyana",152,5.462340632,"species"
"153","153-Acacia wilsonii",153,163.8398878,"species"
"154","154-Acanthiza iredalei rosinae",154,110.5396637,"species"
"155","155-Acanthiza pusilla archibaldi",155,505.181208,"species"
"156","156-Acanthocladium dockeri",156,76.81164483,"species"
"157","157-Acanthophis hawkei",157,204372.7441,"species"
"158","158-Acanthornis magna greeniana",158,9.394156259,"species"
"159","159-Acriopsis emarginata",159,2733.094496,"species"
"160","160-Acronychia littoralis",160,2649.562388,"species"
"161","161-Acrophyllum australe",161,110.3542002,"species"
"162","162-Actephila foetida",162,73.85064922,"species"
"163","163-Actinotus schwarzii",163,382.6006082,"species"
"164","164-Adclarkia cameroni",164,2265.485717,"species"
"165","165-Adclarkia dawsonensis",165,109.8049265,"species"
"166","166-Adclarkia dulacca",166,2361.185297,"species"
"167","167-Adenanthos dobagii",167,2960.323773,"species"
"168","168-Adenanthos eyrei",168,1842.481947,"species"
"169","169-Adenanthos pungens subsp. effusus",169,499.5068121,"species"
"170","170-Adenanthos pungens subsp. pungens",170,637.368313,"species"
"171","172-Allocasuarina emuina",172,84.43426369,"species"
"172","173-Allocasuarina fibrosa",173,31.13358264,"species"
"173","174-Allocasuarina glareicola",174,237.3257561,"species"
"174","175-Allocasuarina portuensis",175,0.540565416,"species"
"175","176-Allocasuarina robusta",176,14.51616006,"species"
"176","177-Allocasuarina simulans",177,65.26561406,"species"
"177","178-Allocasuarina tortiramula",178,50.33181108,"species"
"178","179-Alloxylon flammeum",179,1333.252844,"species"
"179","180-Ammobium craspedioides",180,4538.77565,"species"
"180","181-Ammoniropa vigens",181,2.026164224,"species"
"181","182-Amphibromus fluitans",182,6181.214821,"species"
"182","183-Amytornis barbatus barbatus",183,6342.939246,"species"
"183","184-Amytornis dorotheae",184,21681.41681,"species"
"184","185-Amytornis merrotsyi merrotsyi",185,3320.478691,"species"
"185","186-Amytornis merrotsyi pedleri",186,1612.942648,"species"
"186","187-Amytornis modestus",187,222246.1565,"species"
"187","188-Amytornis modestus obscurior",188,3662.141334,"species"
"188","189-Amytornis textilis myall",189,15441.62498,"species"
"189","190-Amytornis woodwardi",190,11021.136,"species"
"190","191-Andersonia annelsii",191,126.1367938,"species"
"191","192-Andersonia axilliflora",192,13.48894431,"species"
"192","193-Andersonia gracilis",193,934.8377729,"species"
"193","194-Andersonia pinaster",194,39.17165413,"species"
"194","195-Androcalva adenothalia",195,36.73437902,"species"
"195","196-Androcalva bivillosa",196,551.9654304,"species"
"196","197-Androcalva perlaria",197,8.035066971,"species"
"197","198-Androcalva procumbens",198,9195.847488,"species"
"198","199-Androcalva rosea",199,12.00844214,"species"
"199","200-Angophora inopina",200,662.9559488,"species"
"200","201-Angophora robur",201,1430.862986,"species"
"201","202-Anigozanthos bicolor subsp. minor",202,11978.02483,"species"
"202","203-Anigozanthos viridis subsp. terraspectans",203,1857.384487,"species"
"203","204-Anomalopus mackayi",204,4779.044718,"species"
"204","205-Anous tenuirostris melanops",205,14.39469917,"species"
"205","206-Antechinus argentus",206,33.6244725,"species"
"206","207-Antechinus arktos",207,220.210738,"species"
"207","208-Antechinus bellus",208,93245.17627,"species"
"208","209-Antechinus minimus maritimus",209,2640.09984,"species"
"209","210-Anthocercis gracilis",210,74.74122654,"species"
"210","211-Anthochaera phrygia",211,136134.2421,"species"
"211","212-Antipodia chaostola leucophaea",212,16.58163476,"species"
"212","213-Apatophyllum olsenii",213,103.6277241,"species"
"213","214-Apium prostratum subsp. Porongurup Range (G.J.Keighery 8631)",214,43.79948855,"species"
"214","215-Aponogeton bullosus",215,1128.99663,"species"
"215","216-Aponogeton prolifer",216,79.37482089,"species"
"216","217-Aprasia parapulchella",217,25376.10792,"species"
"217","218-Aprasia pseudopulchella",218,1519.447448,"species"
"218","219-Aquila audax fleayi",219,42873.53386,"species"
"219","220-Archidendron lovelliae",220,1148.04984,"species"
"220","221-Archontophoenix myolensis",221,8.785334194,"species"
"221","222-Argynnis hyperbius inconstans",222,219.0945245,"species"
"222","223-Aristida annua",223,2610.640958,"species"
"223","224-Aristida granitica",224,14.00460316,"species"
"224","225-Arthraxon hispidus",225,11739.89588,"species"
"225","226-Asperula asthenes",226,1258.766895,"species"
"226","227-Asplenium wildii",227,408.1237893,"species"
"227","228-Astacopsis gouldi",228,67.27052525,"species"
"228","229-Astelia australiana",229,84.52777155,"species"
"229","230-Asterolasia elegans",230,656.0087135,"species"
"230","231-Asterolasia nivea",231,10.88897234,"species"
"231","232-Asterolasia phebalioides",232,578.2379601,"species"
"232","233-Astrotricha crassifolia",233,485.1582175,"species"
"233","234-Astrotricha roddii",234,888.5133624,"species"
"234","235-Atalaya brevialata",235,30.73139871,"species"
"235","236-Atalaya collina",236,33.26022616,"species"
"236","237-Atrichornis clamosus",237,196.8996969,"species"
"237","238-Atrichornis rufescens",238,5439.332828,"species"
"238","239-Atriplex yeelirrie",239,199.8482757,"species"
"239","240-Austrostipa bronwenae",240,0.700884035,"species"
"240","241-Austrostipa jacobsiana",241,1.219431073,"species"
"241","242-Austrostipa metatoris",242,447.9059383,"species"
"242","243-Baeckea kandos",243,1.566231611,"species"
"243","244-Baloghia marmorata",244,581.5602666,"species"
"244","245-Baloskion longipes",245,551.2407702,"species"
"245","246-Banksia anatona",246,663.7612588,"species"
"246","247-Banksia aurantia",247,168.569014,"species"
"247","248-Banksia brownii",248,2042.545213,"species"
"248","249-Banksia catoglypta",249,321.0504659,"species"
"249","250-Banksia cuneata",250,14.23666804,"species"
"250","251-Banksia fuscobractea",251,14.93632972,"species"
"251","252-Banksia goodii",252,146.2382672,"species"
"252","253-Banksia ionthocarpa",253,2.201015275,"species"
"253","254-Banksia mimica",254,127.4630003,"species"
"254","255-Banksia montana",255,5.979186171,"species"
"255","256-Banksia nivea subsp. uliginosa",256,559.7250007,"species"
"256","257-Banksia oligantha",257,1521.949003,"species"
"257","258-Banksia pseudoplumosa",258,2718.041668,"species"
"258","259-Banksia rufa subsp. pumila",259,534.5503935,"species"
"259","260-Banksia serratuloides subsp. perissa",260,293.7139956,"species"
"260","261-Banksia serratuloides subsp. serratuloides",261,82.86063823,"species"
"261","262-Banksia sphaerocarpa var. dolichostyla",262,6435.193765,"species"
"262","263-Banksia squarrosa subsp. argillacea",263,401.6680109,"species"
"263","264-Banksia verticillata",264,387.2138492,"species"
"264","265-Barbarea australis",265,2324.133767,"species"
"265","266-Bellatorias obiri",266,7126.321777,"species"
"266","267-Bertmainius colonus",267,0.897689287,"species"
"267","268-Bertmainius tingle",268,2.971343519,"species"
"268","269-Bertya calycina",269,120.0726973,"species"
"269","270-Bertya granitica",270,11.63581654,"species"
"270","271-Bertya ingramii",271,8.91668959,"species"
"271","272-Bertya opponens",272,2802.942702,"species"
"272","273-Bertya pinifolia",273,32.83234565,"species"
"273","274-Bertya tasmanica subsp. tasmanica",274,26.44971002,"species"
"274","275-Bettongia lesueur",275,233.839085,"species"
"275","276-Bettongia lesueur lesueur",276,3430.83576,"species"
"276","277-Bettongia penicillata ogilbyi",277,5893.289063,"species"
"277","278-Beyeria lepidopetala",278,2149.350251,"species"
"278","279-Beyeria subtecta",279,46.08767179,"species"
"279","280-Bidyanus bidyanus",280,1171.91575,"species"
"280","281-Boronia adamsiana",281,1970.835871,"species"
"281","282-Boronia capitata subsp. capitata",282,632.0511143,"species"
"282","283-Boronia deanei",283,1046.821809,"species"
"283","284-Boronia exilis",284,10.76714445,"species"
"284","285-Boronia galbraithiae",285,18.50783352,"species"
"285","286-Boronia granitica",286,1048.485698,"species"
"286","287-Boronia gunnii",287,218.1157749,"species"
"287","288-Boronia hemichiton",288,0.975093609,"species"
"288","289-Boronia keysii",289,58.33103683,"species"
"289","290-Boronia quadrilata",290,26.65903941,"species"
"290","291-Boronia repanda",291,68.12821465,"species"
"291","292-Boronia revoluta",292,3.562350022,"species"
"292","293-Boronia umbellata",293,88.95539093,"species"
"293","294-Boronia viridiflora",294,47.31978669,"species"
"294","295-Borya mirabilis",295,21.78376166,"species"
"295","296-Bossiaea oligosperma",296,170.260227,"species"
"296","297-Bossiaea peninsularis",297,44.19282479,"species"
"297","298-Botaurus poiciloptilus",298,80931.09472,"species"
"298","299-Bothriochloa bunyensis",299,739.2988891,"species"
"299","301-Brachychiton sp. Ormeau (L.H.Bird AQ435851)",301,4.291872924,"species"
"300","302-Brachyscias verecundus",302,4.530275436,"species"
"301","303-Brachyscome muelleri",303,1.268934673,"species"
"302","304-Brachyscome muelleroides",304,297.9384928,"species"
"303","305-Brachyscome papillosa",305,12088.32524,"species"
"304","306-Bruguiera hainesii",306,581.3219976,"species"
"305","307-Budawangia gnidioides",307,113.6796296,"species"
"306","308-Bulbophyllum globuliforme",308,1743.157913,"species"
"307","309-Bulbophyllum gracillimum",309,93.73553387,"species"
"308","310-Bulbophyllum longiflorum",310,15.49823347,"species"
"309","311-Burmannia sp. Bathurst Island (R.Fensham 1021)",311,2421.771046,"species"
"310","312-Burramys parvus",312,933.177863,"species"
"311","313-Caladenia actensis",313,42.55517988,"species"
"312","314-Caladenia amoena",314,27.39194006,"species"
"313","315-Caladenia anthracina",315,137.9284805,"species"
"314","316-Caladenia argocalla",316,229.6451686,"species"
"315","317-Caladenia atroclavia",317,173.8301742,"species"
"316","318-Caladenia audasii",318,312.0967551,"species"
"317","319-Caladenia barbarella",319,952.7836665,"species"
"318","320-Caladenia behrii",320,113.2801382,"species"
"319","321-Caladenia brumalis",321,160.3847218,"species"
"320","322-Caladenia bryceana subsp. bryceana",322,363.3706143,"species"
"321","323-Caladenia bryceana subsp. cracens",323,528.7629415,"species"
"322","324-Caladenia busselliana",324,43.25390247,"species"
"323","325-Caladenia caesarea subsp. maritima",325,4.096397268,"species"
"324","326-Caladenia calcicola",326,52.34313195,"species"
"325","327-Caladenia campbellii",327,20.90158417,"species"
"326","328-Caladenia caudata",328,1802.968128,"species"
"327","329-Caladenia christineae",329,1932.176459,"species"
"328","330-Caladenia colorata",330,2140.328738,"species"
"329","331-Caladenia concolor",331,735.4255297,"species"
"330","332-Caladenia conferta",332,2.308979841,"species"
"331","333-Caladenia dienema",333,127.2871322,"species"
"332","334-Caladenia dorrienii",334,341.6463267,"species"
"333","335-Caladenia elegans",335,391.6191926,"species"
"334","336-Caladenia excelsa",336,57.33963796,"species"
"335","337-Caladenia formosa",337,269.104402,"species"
"336","338-Caladenia fulva",338,20.95061656,"species"
"337","339-Caladenia gladiolata",339,1.141993892,"species"
"338","340-Caladenia graniticola",340,684.7506257,"species"
"339","341-Caladenia granitora",341,13.66707224,"species"
"340","342-Caladenia hastata",342,45.74133625,"species"
"341","343-Caladenia hoffmanii",343,4721.617588,"species"
"342","344-Caladenia hopperiana",344,7.460049907,"species"
"343","345-Caladenia huegelii",345,53.67073392,"species"
"344","346-Caladenia insularis",346,97.7807978,"species"
"345","347-Caladenia intuta",347,38.86867878,"species"
"346","348-Caladenia leucochila",348,65.81190146,"species"
"347","349-Caladenia lindleyana",349,25.14752103,"species"
"348","350-Caladenia lodgeana",350,134.9837531,"species"
"349","351-Caladenia lowanensis",351,55.51139417,"species"
"350","352-Caladenia luteola",352,4.691744665,"species"
"351","353-Caladenia macroclavia",353,173.9142686,"species"
"352","354-Caladenia melanema",354,418.6067173,"species"
"353","355-Caladenia orientalis",355,178.7242196,"species"
"354","356-Caladenia ornata",356,1881.729364,"species"
"355","357-Caladenia pallida",357,163.0408827,"species"
"356","358-Caladenia procera",358,4.125389219,"species"
"357","359-Caladenia pumila",359,8.520209658,"species"
"358","360-Caladenia richardsiorum",360,121.1777386,"species"
"359","361-Caladenia rigida",361,267.6435032,"species"
"360","362-Caladenia robinsonii",362,3.793931623,"species"
"361","363-Caladenia saggicola",363,0.69421102,"species"
"362","364-Caladenia sylvicola",364,20.56200396,"species"
"363","365-Caladenia tensa",365,18213.16316,"species"
"364","366-Caladenia tessellata",366,9835.636485,"species"
"365","367-Caladenia thysanochila",367,0.289154385,"species"
"366","368-Caladenia versicolor",368,483.8625275,"species"
"367","369-Caladenia williamsiae",369,0.553103166,"species"
"368","370-Caladenia xantholeuca",370,271.4051252,"species"
"369","371-Calamanthus pyrrhopygius parkeri",371,393.3586611,"species"
"370","372-Calectasia cyanea",372,122.0474336,"species"
"371","373-Calectasia pignattiana",373,1075.290789,"species"
"372","377-Callistemon kenmorrisonii",377,0.04676346,"species"
"373","378-Callistemon pungens",378,14835.53978,"species"
"374","379-Callistemon wimmerensis",379,3.37318466,"species"
"375","380-Callitris oblonga subsp. oblonga",380,17.06321938,"species"
"376","381-Calochilus cupreus",381,1.991944256,"species"
"377","382-Calochilus psednus",382,7.836996014,"species"
"378","383-Calochilus richiae",383,16.30334908,"species"
"379","384-Calophyllum bicolor",384,3224.748418,"species"
"380","385-Calotis glandulosa",385,6190.934394,"species"
"381","386-Calotis moorei",386,7452.856666,"species"
"382","387-Calyptorhynchus banksii graptogyne",387,6485.091827,"species"
"383","388-Calyptorhynchus banksii naso",388,15680.86353,"species"
"384","389-Calyptorhynchus baudinii",389,21946.09053,"species"
"385","390-Calyptorhynchus lathami halmaturinus",390,504.4165986,"species"
"386","391-Calyptorhynchus latirostris",391,101.7818531,"species"
"387","392-Calytrix breviseta subsp. breviseta",392,3.07343935,"species"
"388","393-Calytrix gurulmundensis",393,346.1058423,"species"
"389","394-Canarium acutifolium",394,432.0768159,"species"
"390","395-Capparis thozetiana",395,325.327744,"species"
"391","399-Carronia pedicellata",399,2125.294469,"species"
"392","400-Cassinia rugata",400,11.43591025,"species"
"393","401-Cassinia tegulata",401,77.81808968,"species"
"394","402-Casuarius casuarius johnsonii",402,19770.55281,"species"
"395","403-Centrolepis pedderensis",403,576.4326227,"species"
"396","404-Cepobaculum carronii",404,18707.55505,"species"
"397","405-Cereopsis novaehollandiae grisea",405,5640.835318,"species"
"398","406-Ceyx azureus diemenensis",406,11537.34071,"species"
"399","407-Chalinolobus dwyeri",407,168641.3654,"species"
"400","408-Chamelaucium sp. Cataby (G.J.Keighery 11009)",408,3.058732102,"species"
"401","409-Chamelaucium sp. Gingin (N.G.Marchant 6)",409,144.105981,"species"
"402","410-Chamelaucium sp. S coastal plain (R.D.Royce 4872)",410,66.19028038,"species"
"403","413-Cheiranthera volubilis",413,1169.201637,"species"
"404","415-Cherax tenuimanus",415,0.297597917,"species"
"405","416-Chingia australis",416,432.7860367,"species"
"406","417-Chlamydogobius micropterus",417,9.04914317,"species"
"407","418-Chordifex abortivus",418,371.3243284,"species"
"408","419-Chorizema humile",419,1336.859455,"species"
"409","420-Clausena excavata",420,0.311464731,"species"
"410","421-Clematis fawcettii",421,5339.115695,"species"
"411","422-Codonocarpus pyramidalis",422,38577.79263,"species"
"412","423-Colobanthus curtisiae",423,233.9209529,"species"
"413","424-Comesperma oblongatum",424,109.9944597,"species"
"414","425-Commersonia apella",425,97.77966188,"species"
"415","426-Commersonia prostrata",426,2102.613127,"species"
"416","427-Conilurus penicillatus",427,19814.60079,"species"
"417","428-Conospermum densiflorum subsp. unicephalatum",428,321.4860215,"species"
"418","429-Conospermum galeatum",429,83.74486507,"species"
"419","430-Conospermum hookeri",430,124.887276,"species"
"420","431-Conospermum undulatum",431,16.77856903,"species"
"421","432-Conostylis dielsii subsp. teres",432,434.8403536,"species"
"422","433-Conostylis drummondii",433,381.1732346,"species"
"423","434-Conostylis lepidospermoides",434,1804.507713,"species"
"424","435-Conostylis micrantha",435,164.1982124,"species"
"425","436-Conostylis misera",436,2058.255546,"species"
"426","437-Conostylis rogeri",437,34.49679064,"species"
"427","438-Conostylis seorsiflora subsp. trichophylla",438,49.20317624,"species"
"428","439-Conostylis setigera subsp. dasys",439,5.42372164,"species"
"429","440-Coopernookia georgei",440,206.6169228,"species"
"430","441-Coopernookia scabridiuscula",441,170.4180679,"species"
"431","442-Corchorus cunninghamii",442,1932.47652,"species"
"432","443-Corokia whiteana",443,147.9221055,"species"
"433","444-Correa calycina",444,115.5035615,"species"
"434","445-Correa eburnea",445,104.2040212,"species"
"435","446-Correa lawrenceana var. genoensis",446,13.50479868,"species"
"436","447-Corunastylis brachystachya",447,30.92513915,"species"
"437","448-Corunastylis ectopa",448,17.57618717,"species"
"438","449-Corunastylis insignis",449,127.2057338,"species"
"439","450-Corunastylis littoralis",450,97.94084466,"species"
"440","451-Corunastylis sp. Charmhaven (NSW 896673)",451,1.414783158,"species"
"441","452-Corybas dentatus",452,22.65207773,"species"
"442","453-Corybas montanus",453,11.92399869,"species"
"443","454-Corymbia clandestina",454,218.3670908,"species"
"444","455-Corymbia leptoloma",455,106.7561479,"species"
"445","456-Corymbia rhodops",456,270.1121964,"species"
"446","457-Corymbia xanthope",457,620.8279924,"species"
"447","458-Corynocarpus rupestris subsp. rupestris",458,53.61405442,"species"
"448","459-Cossinia australiana",459,26467.56444,"species"
"449","460-Craspedia preminghana",460,0.508162984,"species"
"450","461-Craterocephalus fluviatilis",461,101.17622,"species"
"451","462-Crepidium lawleri",462,66.0988509,"species"
"452","463-Crinia sloanei",463,16.61345786,"species"
"453","464-Cryptocarya foetida",464,1560.096204,"species"
"454","465-Ctenophorus yinnietharra",465,229.9824043,"species"
"455","466-Ctenopterella blechnoides",466,4.714375456,"species"
"456","467-Ctenotus lancelini",467,0.084911054,"species"
"457","468-Ctenotus zastictus",468,650.0127454,"species"
"458","469-Cupaniopsis shirleyana",469,14685.81241,"species"
"459","470-Cupaniopsis tomentella",470,521.5126577,"species"
"460","471-Cyathea exilis",471,26.62804922,"species"
"461","472-Cycas megacarpa",472,15578.19458,"species"
"462","473-Cycas ophiolitica",473,7755.388992,"species"
"463","474-Cycas platyphylla",474,134.4804492,"species"
"464","475-Cyclodomorphus praealtus",475,1035.160613,"species"
"465","476-Cyclophyllum costatum",476,146.479243,"species"
"466","477-Cyclopsitta diophthalma coxeni",477,2505.661643,"species"
"467","478-Cynanchum elegans",478,37727.42393,"species"
"468","479-Cyperus cephalotes",479,9.59966953,"species"
"469","480-Cyphanthera odgersii subsp. occidentalis",480,3.7957122,"species"
"470","481-Daphnandra johnsonii",481,163.0126517,"species"
"471","482-Darwinia acerosa",482,71.58616806,"species"
"472","483-Darwinia biflora",483,550.8031692,"species"
"473","484-Darwinia carnea",484,95.36531368,"species"
"474","485-Darwinia chapmaniana",485,195.4991847,"species"
"475","486-Darwinia collina",486,30.54068559,"species"
"476","487-Darwinia ferricola",487,11.9748724,"species"
"477","488-Darwinia foetida",488,38.11661928,"species"
"478","489-Darwinia masonii",489,7.656609425,"species"
"479","490-Darwinia meeboldii",490,100.7080243,"species"
"480","491-Darwinia oxylepis",491,374.488804,"species"
"481","492-Darwinia squarrosa",492,31.98568641,"species"
"482","493-Darwinia wittwerorum",493,49.82261059,"species"
"483","494-Dasymalla axillaris",494,212.3059688,"species"
"484","495-Dasyornis longirostris",495,5170.905697,"species"
"485","496-Dasyurus geoffroii",496,41382.26855,"species"
"486","497-Dasyurus hallucatus",497,939984.2424,"species"
"487","498-Dasyurus maculatus gracilis",498,6991.555831,"species"
"488","499-Dasyurus maculatus maculatus (SE mainland population)",499,164002.9418,"species"
"489","500-Dasyurus maculatus maculatus (Tasmanian population)",500,38671.80836,"species"
"490","501-Dasyurus viverrinus",501,7455.797027,"species"
"491","502-Davidsonia jerseyana",502,46.03986798,"species"
"492","503-Davidsonia johnsonii",503,11.69415891,"species"
"493","504-Daviesia cunderdin",504,3.604286904,"species"
"494","505-Daviesia dielsii",505,90.03363031,"species"
"495","506-Daviesia discolor",506,1690.860454,"species"
"496","507-Daviesia elongata subsp. elongata",507,8.292197783,"species"
"497","508-Daviesia euphorbioides",508,368.042698,"species"
"498","509-Daviesia laevis",509,673.1082914,"species"
"499","510-Daviesia megacalyx",510,203.0427397,"species"
"500","511-Daviesia microcarpa",511,76.78597687,"species"
"501","512-Daviesia obovata",512,555.1746235,"species"
"502","513-Daviesia ovata",513,2.392999874,"species"
"503","514-Daviesia pseudaphylla",514,0.428633257,"species"
"504","515-Daviesia speciosa",515,760.1881498,"species"
"505","516-Decaspermum struckoilicum",516,4.592665283,"species"
"506","517-Delma impar",517,9050.896129,"species"
"507","518-Delma torquata",518,7723.061892,"species"
"508","519-Dendrobium antennatum",519,1713.304341,"species"
"509","520-Dendrobium bigibbum",520,6735.061977,"species"
"510","521-Dendrobium johannis",521,17944.49135,"species"
"511","522-Dendrobium mirbelianum",522,1289.541033,"species"
"512","523-Dendrobium nindii",523,3634.32782,"species"
"513","524-Denhamia parvifolia",524,3889.083139,"species"
"514","526-Desmodium acanthocladum",526,420.8735365,"species"
"515","527-Deyeuxia appressa",527,5.580538076,"species"
"516","528-Deyeuxia pungens",528,43.45864978,"species"
"517","529-Dianella amoena",529,1790.997246,"species"
"518","530-Dichanthium queenslandicum",530,22861.60402,"species"
"519","531-Dichanthium setosum",531,29278.20652,"species"
"520","533-Diomedea antipodensis gibsoni",533,1338.354364,"species"
"521","535-Diospyros mabacea",535,87.63246358,"species"
"522","536-Diplazium cordifolium",536,371.5882051,"species"
"523","537-Diplazium pallidum",537,227.3581771,"species"
"524","538-Diploglottis campbellii",538,1103.134275,"species"
"525","539-Diplolaena andrewsii",539,294.2117761,"species"
"526","540-Dipodium campanulatum",540,33.57923213,"species"
"527","541-Dipodium pictum",541,2180.908942,"species"
"528","542-Dischidia litoralis",542,49.27226919,"species"
"529","543-Diuris basaltica",543,4.694385183,"species"
"530","544-Diuris drummondii",544,694.2565526,"species"
"531","545-Diuris eborensis",545,4884.032638,"species"
"532","546-Diuris flavescens",546,4.1617721,"species"
"533","547-Diuris fragrantissima",547,0.645283434,"species"
"534","548-Diuris lanceolata",548,159.4332307,"species"
"535","549-Diuris micrantha",549,2304.938024,"species"
"536","550-Diuris pedunculata",550,7681.509726,"species"
"537","551-Diuris praecox",551,950.2736186,"species"
"538","552-Diuris purdiei",552,420.6618749,"species"
"539","553-Diuris venosa",553,156.9153125,"species"
"540","554-Dodonaea procumbens",554,5049.491361,"species"
"541","555-Dodonaea rupicola",555,11.35022575,"species"
"542","556-Dodonaea subglandulifera",556,587.473773,"species"
"543","557-Drakaea concolor",557,1384.836451,"species"
"544","558-Drakaea confluens",558,342.6987248,"species"
"545","559-Drakaea isolata",559,1.87122745,"species"
"546","560-Drakaea micrantha",560,4982.746714,"species"
"547","561-Drosera prolifera",561,188.1662037,"species"
"548","562-Drosera schizandra",562,8.29107059,"species"
"549","563-Drummondita ericoides",563,111.9393879,"species"
"550","564-Drummondita longifolia",564,23.29672361,"species"
"551","565-Duma horrida subsp. abdita",565,479.0807208,"species"
"552","566-Egernia rugosa",566,77084.40631,"species"
"553","567-Egernia stokesii badia",567,72968.03676,"species"
"554","568-Eidothea hardeniana",568,15.17984968,"species"
"555","569-Elaeocarpus williamsianus",569,89.38559636,"species"
"556","570-Eleocharis keigheryi",570,355.6738329,"species"
"557","571-Eleocharis obicis",571,933.9697631,"species"
"558","572-Eleocharis papillosa",572,452.091477,"species"
"559","573-Eleocharis retroflexa",573,232.6115416,"species"
"560","574-Elseya albagula",574,2704.353999,"species"
"561","575-Elseya lavarackorum",575,13084.64962,"species"
"562","576-Elusor macrurus",576,846.4520796,"species"
"563","577-Endiandra cooperana",577,28.52429866,"species"
"564","578-Endiandra floydii",578,849.9319836,"species"
"565","579-Endiandra hayesii",579,1031.191102,"species"
"566","580-Engaeus granulatus",580,47.60220836,"species"
"567","581-Engaeus martigener",581,11.55262664,"species"
"568","582-Engaeus orramakunna",582,40.02163571,"species"
"569","583-Engaeus spinicaudatus",583,16.51849641,"species"
"570","584-Engaeus yabbimunna",584,10.64712924,"species"
"571","585-Engaewa pseudoreducta",585,0.052996676,"species"
"572","586-Engaewa reducta",586,5.498944438,"species"
"573","587-Engaewa walpolea",587,4.922296799,"species"
"574","588-Epacris barbata",588,241.188622,"species"
"575","589-Epacris exserta",589,2681.656876,"species"
"576","590-Epacris grandis",590,135.0504108,"species"
"577","591-Epacris graniticola",591,69.64803674,"species"
"578","592-Epacris hamiltonii",592,41.07512422,"species"
"579","593-Epacris limbata",593,8.816936524,"species"
"580","594-Epacris stuartii",594,0.37426753,"species"
"581","595-Epacris virgata",595,250.4604717,"species"
"582","596-Epilobium brunnescens subsp. beaugleholei",596,4.094534679,"species"
"583","597-Epthianura crocea macgregori",597,465.7391758,"species"
"584","598-Epthianura crocea tunneyi",598,4765.650348,"species"
"585","599-Eremochloa muricata",599,8.181829153,"species"
"586","600-Eremophila denticulata subsp. denticulata",600,2205.317325,"species"
"587","601-Eremophila denticulata subsp. trisulcata",601,1169.610279,"species"
"588","602-Eremophila glabra subsp. chlorella",602,90.36269382,"species"
"589","603-Eremophila koobabbiensis",603,1.27318404,"species"
"590","604-Eremophila lactea",604,234.3909384,"species"
"591","605-Eremophila nivea",605,775.1715625,"species"
"592","606-Eremophila prostrata",606,238.656433,"species"
"593","607-Eremophila resinosa",607,704.3345605,"species"
"594","608-Eremophila rostrata",608,43.07342951,"species"
"595","609-Eremophila scaberula",609,90.80603755,"species"
"596","610-Eremophila subteretifolia",610,35.32120725,"species"
"597","611-Eremophila ternifolia",611,16.66336706,"species"
"598","612-Eremophila vernicosa",612,9.593524019,"species"
"599","613-Eremophila verticillata",613,2927.946038,"species"
"600","614-Eremophila virens",614,1599.100149,"species"
"601","615-Eremophila viscida",615,6580.92207,"species"
"602","616-Eriocaulon australasicum",616,75.05279421,"species"
"603","617-Eriocaulon carsonii",617,1402.4925,"species"
"604","618-Eryngium fontanum",618,80.41773799,"species"
"605","619-Erythrotriorchis radiatus",619,18715.7823,"species"
"606","620-Erythrura gouldiae",620,463574.4142,"species"
"607","621-Euastacus bispinosus",621,14.93021045,"species"
"608","622-Euastacus dharawalus",622,3.051726353,"species"
"609","623-Eucalyptus absita",623,249.5720071,"species"
"610","624-Eucalyptus alligatrix subsp. limaensis",624,109.9605865,"species"
"611","625-Eucalyptus alligatrix subsp. miscella",625,1.533183762,"species"
"612","626-Eucalyptus aquatica",626,4.960928558,"species"
"613","627-Eucalyptus argophloia",627,315.2253765,"species"
"614","628-Eucalyptus articulata",628,71.31250136,"species"
"615","629-Eucalyptus beaniana",629,184.565739,"species"
"616","630-Eucalyptus beardiana",630,3475.15796,"species"
"617","631-Eucalyptus benthamii",631,145.8886669,"species"
"618","632-Eucalyptus cadens",632,257.0544844,"species"
"619","633-Eucalyptus caleyi subsp. ovendenii",633,1182.805969,"species"
"620","634-Eucalyptus canobolensis",634,70.0405995,"species"
"621","635-Eucalyptus ceracea",635,244.0359529,"species"
"622","636-Eucalyptus copulans",636,5.09586379,"species"
"623","637-Eucalyptus coronata",637,33.65796581,"species"
"624","638-Eucalyptus crenulata",638,3.707250043,"species"
"625","639-Eucalyptus crispata",639,130.1696688,"species"
"626","640-Eucalyptus crucis subsp. crucis",640,91.87676703,"species"
"627","641-Eucalyptus crucis subsp. praecipua",641,5.197069764,"species"
"628","642-Eucalyptus cuprea",642,816.4055701,"species"
"629","643-Eucalyptus dolorosa",643,5.210528036,"species"
"630","644-Eucalyptus glaucina",644,8953.510298,"species"
"631","645-Eucalyptus gunnii subsp. divaricata",645,2586.353629,"species"
"632","646-Eucalyptus hallii",646,706.2567689,"species"
"633","647-Eucalyptus impensa",647,824.6924294,"species"
"634","648-Eucalyptus infera",648,1.943962034,"species"
"635","649-Eucalyptus insularis",649,72.24821302,"species"
"636","650-Eucalyptus johnsoniana",650,132.7326431,"species"
"637","651-Eucalyptus kabiana",651,1.986328388,"species"
"638","652-Eucalyptus lateritica",652,296.3846381,"species"
"639","653-Eucalyptus leprophloia",653,1009.104609,"species"
"640","654-Eucalyptus macarthurii",654,1650.952046,"species"
"641","655-Eucalyptus mckieana",655,5248.607733,"species"
"642","656-Eucalyptus merrickiae",656,913.3412287,"species"
"643","657-Eucalyptus mooreana",657,334.8439066,"species"
"644","658-Eucalyptus morrisbyi",658,4.192871015,"species"
"645","659-Eucalyptus nicholii",659,12678.16373,"species"
"646","660-Eucalyptus pachycalyx subsp. banyabba",660,19.76632959,"species"
"647","661-Eucalyptus paedoglauca",661,86.49923517,"species"
"648","662-Eucalyptus paludicola",662,13.49639525,"species"
"649","663-Eucalyptus parramattensis subsp. decadens",663,399.2827538,"species"
"650","664-Eucalyptus parvula",664,709.5249742,"species"
"651","665-Eucalyptus platydisca",665,34.8644004,"species"
"652","666-Eucalyptus pulverulenta",666,4650.334745,"species"
"653","667-Eucalyptus raveretiana",667,5945.528338,"species"
"654","668-Eucalyptus recta",668,84.23871501,"species"
"655","669-Eucalyptus recurva",669,15.98062944,"species"
"656","670-Eucalyptus rhodantha",670,151.7116953,"species"
"657","671-Eucalyptus robertsonii subsp. hemisphaerica",671,114.2230088,"species"
"658","672-Eucalyptus rubida subsp. barbigerorum",672,684.7141729,"species"
"659","673-Eucalyptus sp. Cattai (Gregson s.n., 28 Aug 1954)",673,54.11560318,"species"
"660","674-Eucalyptus sp. Howes Swamp Creek (M.Doherty 26)",674,90.03742569,"species"
"661","675-Eucalyptus suberea",675,430.4920183,"species"
"662","676-Eucalyptus tetrapleura",676,1595.323077,"species"
"663","677-Eucalyptus virens",677,10235.83545,"species"
"664","678-Eucalyptus x balanites",678,48.78167538,"species"
"665","679-Eucalyptus x phylacis",679,37.10695382,"species"
"666","680-Eulamprus leuraensis",680,279.7166814,"species"
"667","681-Eulamprus tympanum marnieae",681,301.014923,"species"
"668","682-Euphorbia carissoides",682,12479.93519,"species"
"669","683-Euphorbia obliqua",683,6.243559538,"species"
"670","684-Euphrasia amphisysepala",684,4.342118862,"species"
"671","685-Euphrasia bowdeniae",685,9.84730848,"species"
"672","686-Euphrasia collina subsp. muelleri",686,55.46364655,"species"
"673","687-Euphrasia collina subsp. osbornii",687,245.5764199,"species"
"674","688-Euphrasia crassiuscula subsp. glandulifera",688,31.37866737,"species"
"675","689-Euphrasia eichleri",689,157.3826266,"species"
"676","690-Euphrasia fragosa",690,12.6083327,"species"
"677","691-Euphrasia gibbsiae subsp. psilantherea",691,5.197322516,"species"
"678","692-Euphrasia semipicta",692,35.95539821,"species"
"679","693-Euphrasia sp. Bivouac Bay (W.R.Barker 7626 et al.)",693,9.968630007,"species"
"680","694-Falcunculus frontatus whitei",694,460180.1768,"species"
"681","695-Fimbristylis adjuncta",695,19.30037273,"species"
"682","696-Floydia praealta",696,2008.57221,"species"
"683","697-Fontainea australis",697,61.56033712,"species"
"684","698-Fontainea rostrata",698,773.931911,"species"
"685","699-Fontainea venosa",699,215.7937888,"species"
"686","700-Frankenia conferta",700,10.99669355,"species"
"687","701-Frankenia parvula",701,77.34033241,"species"
"688","702-Frankenia plicata",702,346581.8676,"species"
"689","703-Fregetta grallaria grallaria",703,680.3646491,"species"
"690","704-Furina dunmalli",704,7487.355432,"species"
"691","705-Galaxias fontanus",705,11.02415064,"species"
"692","706-Galaxias fuscus",706,60.85064794,"species"
"693","707-Galaxias johnstoni",707,19.9777138,"species"
"694","709-Galaxias rostratus",709,6.12903096,"species"
"695","710-Galaxias tanycephalus",710,80.35891127,"species"
"696","711-Galaxiella nigrostriata",711,6.546365282,"species"
"697","712-Galaxiella pusilla",712,460.0128057,"species"
"698","713-Gardenia actinocarpa",713,14.78660435,"species"
"699","714-Gardenia psidioides",714,372.8138862,"species"
"700","715-Gastrolobium argyrotrichum",715,1.950153415,"species"
"701","716-Gastrolobium diabolophyllum",716,692.7255581,"species"
"702","717-Gastrolobium glaucum",717,17.66332689,"species"
"703","718-Gastrolobium graniticum",718,4203.811788,"species"
"704","719-Gastrolobium hamulosum",719,410.6795997,"species"
"705","720-Gastrolobium humile",720,141.9288373,"species"
"706","721-Gastrolobium lehmannii",721,7.002294566,"species"
"707","722-Gastrolobium luteifolium",722,287.3748714,"species"
"708","723-Gastrolobium papilio",723,1.821798737,"species"
"709","724-Gastrolobium vestitum",724,5.31920461,"species"
"710","725-Gaultheria viridicarpa J.B.Williams subsp. viridicarpa ms.",725,149.4115496,"species"
"711","726-Genoplesium baueri",726,2873.669355,"species"
"712","727-Genoplesium plumosum",727,11.26650127,"species"
"713","728-Genoplesium rhyoliticum",728,47.22922991,"species"
"714","729-Genoplesium tectum",729,16.5616147,"species"
"715","730-Genoplesium vernale",730,538.2643538,"species"
"716","731-Gentiana baeuerlenii",731,57.78363366,"species"
"717","732-Gentiana bredboensis",732,3.504370146,"species"
"718","733-Gentiana wingecarribiensis",733,60.37040339,"species"
"719","734-Gentiana wissmannii",734,134.9471096,"species"
"720","735-Geocrinia alba",735,13.63934962,"species"
"721","736-Geophaps scripta scripta",736,242358.9096,"species"
"722","737-Geophaps smithii blaauwi",737,37233.86249,"species"
"723","738-Geophaps smithii smithii",738,86493.10005,"species"
"724","739-Germainia capitata",739,871.9764824,"species"
"725","740-Gingidia rupicola",740,59.95484234,"species"
"726","741-Glyceria drummondii",741,138.9296134,"species"
"727","742-Glycine latrobeana",742,18629.11656,"species"
"728","743-Glyphis garricki",743,563.5889347,"species"
"729","744-Glyphis glyphis",744,242.9727772,"species"
"730","745-Goodenia arthrotricha",745,149.4481095,"species"
"731","746-Goodenia integerrima",746,399.262053,"species"
"732","747-Goodenia quadrifida",747,775.553306,"species"
"733","748-Gossia gonoclada",748,17.34904169,"species"
"734","749-Grantiella picta",749,244.2703807,"species"
"735","750-Graptophyllum ilicifolium",750,55.92006819,"species"
"736","751-Graptophyllum reticulatum",751,10.57297697,"species"
"737","752-Grevillea acanthifolia subsp. paludosa",752,65.74640252,"species"
"738","753-Grevillea althoferorum",753,106.6365431,"species"
"739","754-Grevillea banyabba",754,272.9759253,"species"
"740","755-Grevillea batrachioides",755,144.832742,"species"
"741","756-Grevillea beadleana",756,305.7349309,"species"
"742","757-Grevillea bedggoodiana",757,38.74271174,"species"
"743","758-Grevillea brachystylis subsp. australis",758,14.39828465,"species"
"744","759-Grevillea brachystylis subsp. grandis",759,23.41783638,"species"
"745","760-Grevillea bracteosa subsp. howatharra",760,72.51278598,"species"
"746","761-Grevillea caleyi",761,76.9555949,"species"
"747","762-Grevillea calliantha",762,10.70948093,"species"
"748","763-Grevillea celata",763,13.45810741,"species"
"749","764-Grevillea christineae",764,1495.182578,"species"
"750","765-Grevillea corrugata",765,273.6045323,"species"
"751","766-Grevillea curviloba subsp. curviloba",766,87.00494139,"species"
"752","767-Grevillea curviloba subsp. incurva",767,167.8416816,"species"
"753","768-Grevillea dryandroides subsp. dryandroides",768,18.92199053,"species"
"754","769-Grevillea dryandroides subsp. hirsuta",769,1098.389008,"species"
"755","770-Grevillea elongata",770,4.210097274,"species"
"756","771-Grevillea evansiana",771,218.1196329,"species"
"757","772-Grevillea flexuosa",772,26.33105413,"species"
"758","773-Grevillea glossadenia",773,1361.111961,"species"
"759","774-Grevillea guthrieana",774,238.3688007,"species"
"760","775-Grevillea humifusa",775,60.15387812,"species"
"761","776-Grevillea iaspicula",776,27.29687998,"species"
"762","777-Grevillea infecunda",777,160.7021018,"species"
"763","778-Grevillea infundibularis",778,76.82086457,"species"
"764","779-Grevillea involucrata",779,348.4330109,"species"
"765","780-Grevillea kennedyana",780,844.5378547,"species"
"766","781-Grevillea maccutcheonii",781,15.29621291,"species"
"767","782-Grevillea maxwellii",782,197.2069605,"species"
"768","783-Grevillea mollis",783,15.03307106,"species"
"769","784-Grevillea molyneuxii",784,99.57698575,"species"
"770","785-Grevillea montis-cole subsp. brevistyla",785,4.565562614,"species"
"771","786-Grevillea murex",786,67.65552172,"species"
"772","787-Grevillea parviflora subsp. parviflora",787,1501.31649,"species"
"773","788-Grevillea pythara",788,130.5543233,"species"
"774","789-Grevillea quadricauda",789,599.4153757,"species"
"775","790-Grevillea rara",790,0.090093157,"species"
"776","791-Grevillea rhizomatosa",791,56.56128041,"species"
"777","792-Grevillea scapigera",792,424.5882256,"species"
"778","793-Grevillea scortechinii subsp. scortechinii",793,32.01844675,"species"
"779","794-Grevillea shiressii",794,342.6081556,"species"
"780","795-Grevillea sp. Gillingarra (R.J.Cranfield 4087)",795,10.19620289,"species"
"781","796-Grevillea thelemanniana",796,6.023032025,"species"
"782","797-Grevillea treueriana",797,3.197502346,"species"
"783","798-Guichenotia seorsiflora",798,25.13754287,"species"
"784","799-Gymnobelideus leadbeateri",799,1242.268185,"species"
"785","800-Gyrostemon reticulatus",800,3099.741703,"species"
"786","801-Habenaria maccraithii",801,68.88821096,"species"
"787","802-Hakea aculeata",802,57.56618569,"species"
"788","803-Hakea archaeoides",803,17.87658124,"species"
"789","804-Hakea dohertyi",804,124.853818,"species"
"790","805-Hakea maconochieana",805,11266.66401,"species"
"791","806-Hakea megalosperma",806,1475.353588,"species"
"792","807-Hakea pulvinifera",807,65.69193698,"species"
"793","808-Hakea trineura",808,830.815592,"species"
"794","809-Haloragis exalata subsp. exalata",809,2330.999426,"species"
"795","810-Haloragis exalata subsp. velutina",810,12683.90884,"species"
"796","811-Haloragis platycarpa",811,2.67543125,"species"
"797","812-Heleioporus australiacus",812,355.5600216,"species"
"798","813-Helicteres macrothrix",813,40.38364735,"species"
"799","814-Hemiandra gardneri",814,2719.089981,"species"
"800","815-Hemiandra rutilans",815,122.8332932,"species"
"801","816-Hemigenia ramosissima",816,39.98189748,"species"
"802","817-Hensmania chapmanii",817,74.28631102,"species"
"803","818-Hexaspora pubescens",818,33.62208299,"species"
"804","819-Hibbertia abyssus",819,14.77789352,"species"
"805","820-Hibbertia basaltica",820,6.580492401,"species"
"806","821-Hibbertia crispula",821,13292.09051,"species"
"807","822-Hibbertia humifusa subsp. debilis",822,19.69694206,"species"
"808","823-Hibbertia humifusa subsp. erigens",823,117.9994949,"species"
"809","824-Hibbertia priceana",824,17.56438587,"species"
"810","825-Hibbertia puberula subsp. glabrescens",825,3.723164737,"species"
"811","826-Hibbertia spanantha",826,0.117100343,"species"
"812","827-Hibiscus brennanii",827,334.3665772,"species"
"813","828-Hibiscus cravenii",828,35.11502045,"species"
"814","829-Hicksbeachia pinnatifolia",829,1123.842138,"species"
"815","830-Hipposideros inornatus",830,9753.34861,"species"
"816","831-Hipposideros semoni",831,752.0683688,"species"
"817","833-Homopholis belsonii",833,82.63122375,"species"
"818","834-Homoranthus darwinioides",834,9650.815532,"species"
"819","835-Homoranthus decumbens",835,104.167371,"species"
"820","836-Homoranthus lunatus",836,931.0224867,"species"
"821","837-Homoranthus porteri",837,457.6050523,"species"
"822","838-Homoranthus prolixus",838,1624.077951,"species"
"823","839-Hoplocephalus bungaroides",839,8299.952446,"species"
"824","840-Hoplogonus bornemisszai",840,2.232851414,"species"
"825","841-Hoplogonus simsoni",841,51.69063953,"species"
"826","842-Hoplogonus vanderschoori",842,10.1773317,"species"
"827","843-Hoya australis subsp. oramicola",843,8.433975383,"species"
"828","844-Hybanthus cymulosus",844,533.6001483,"species"
"829","845-Hydriastele costata",845,224.7994436,"species"
"830","848-Hypocalymma angustifolium subsp. Hutt River (S.Patrick 2982)",848,18.04746137,"species"
"831","846-Hypocalymma longifolium",846,70.60097218,"species"
"832","847-Hypocalymma sylvestre",847,12.4349868,"species"
"833","849-Hyridella glenelgensis",849,1.551588518,"species"
"834","850-Idiosoma nigrum",850,433.686537,"species"
"835","851-Indigofera efoliata",851,250.154684,"species"
"836","852-Isoodon auratus auratus",852,17057.96517,"species"
"837","853-Isoodon auratus barrowensis",853,2698.042784,"species"
"838","854-Isoodon obesulus nauticus",854,11.14978711,"species"
"839","855-Isoodon obesulus obesulus",855,14866.81895,"species"
"840","856-Isopogon fletcheri",856,32.33420256,"species"
"841","857-Isopogon robustus",857,106.6803232,"species"
"842","858-Isopogon uncinatus",858,886.5100513,"species"
"843","859-Ixodia achillaeoides subsp. arenicola",859,339.6192967,"species"
"844","860-Jacksonia pungens",860,281.2930058,"species"
"845","861-Jacksonia quairading",861,19.48555688,"species"
"846","862-Jacksonia velveta",862,4.05553387,"species"
"847","863-Kardomia granitica",863,142.3360537,"species"
"848","864-Kelleria bogongensis",864,7.603738043,"species"
"849","865-Kennedia glabrata",865,4618.839863,"species"
"850","866-Kennedia lateritia",866,1.116788292,"species"
"851","867-Kennedia retrorsa",867,200.2167313,"species"
"852","868-Kumonga exleyi",868,0.148217559,"species"
"853","869-Kunzea ericifolia subsp. subulata",869,7.253625167,"species"
"854","870-Kunzea rupestris",870,383.065027,"species"
"855","871-Kunzea similis subsp. similis",871,2.485239016,"species"
"856","872-Lachnagrostis adamsonii",872,972.9855066,"species"
"857","873-Lagorchestes conspicillatus conspicillatus",873,242.2064172,"species"
"858","874-Lagorchestes hirsutus bernieri",874,39.98240159,"species"
"859","875-Lagorchestes hirsutus Central Australian subspecies",875,2413.912226,"species"
"860","876-Lagorchestes hirsutus dorreae",876,48.46916562,"species"
"861","877-Lagostrophus fasciatus fasciatus",877,139.2314901,"species"
"862","878-Lambertia echinata subsp. echinata",878,408.7816471,"species"
"863","879-Lambertia echinata subsp. occidentalis",879,5.850421191,"species"
"864","880-Lasiopetalum joyceae",880,845.5740172,"species"
"865","881-Lasiopetalum rotundifolium",881,16.4779137,"species"
"866","882-Lasiorhinus krefftii",882,38.10684528,"species"
"867","883-Lastreopsis walleri",883,48.64709154,"species"
"868","884-Lathamus discolor",884,169610.6041,"species"
"869","885-Latrobea colophona",885,127.5263825,"species"
"870","886-Lawrencia buchananensis",886,183.6407912,"species"
"871","887-Lechenaultia chlorantha",887,118.4191492,"species"
"872","888-Lechenaultia laricina",888,92.15667361,"species"
"873","889-Leiocarpa gatesii",889,162.0470767,"species"
"874","890-Leionema obtusifolium",890,20.00348528,"species"
"875","891-Leionema sympetalum",891,178.9240328,"species"
"876","892-Leioproctus douglasiellus",892,1.182643203,"species"
"877","893-Leipoa ocellata",893,1041746.235,"species"
"878","894-Lepidium aschersonii",894,215.0986719,"species"
"879","895-Lepidium ginninderrense",895,2.711764943,"species"
"880","896-Lepidium hyssopifolium",896,6804.883773,"species"
"881","897-Lepidium monoplocoides",897,78973.062,"species"
"882","898-Lepidium peregrinum",898,2932.232471,"species"
"883","899-Lepidium pseudopapillosum",899,114.7787995,"species"
"884","901-Leporillus conditor",901,785.0900681,"species"
"885","902-Leptomeria dielsiana",902,44.5238671,"species"
"886","903-Leptospermum deanei",903,107.837476,"species"
"887","904-Leptospermum thompsonii",904,27.38326735,"species"
"888","905-Lerista allanae",905,1287.945539,"species"
"889","906-Lerista nevinae",906,47.49647985,"species"
"890","907-Lerista vittata",907,1623.186286,"species"
"891","908-Leucochrysum albicans subsp. tricolor",908,16041.64489,"species"
"892","909-Leucopogon confertus",909,761.1306137,"species"
"893","910-Leucopogon exolasius",910,238.8688777,"species"
"894","911-Leucopogon gnaphalioides",911,32.43050129,"species"
"895","912-Leucopogon marginatus",912,300.5590166,"species"
"896","913-Leucopogon nitidus",913,2.47883953,"species"
"897","914-Leucopogon obtectus",914,807.324204,"species"
"898","915-Leucopogon sp. Coolmunda (D.Halford Q1635)",915,17.20507448,"species"
"899","916-Leucopogon sp. Flynn (F.Hort, J.Hort & A.Lowrie 859)",916,1.342576031,"species"
"900","917-Leucopogon sp. Ongerup (A.S. George 16682)",917,31.85780986,"species"
"901","918-Leucopogon spectabilis",918,219.2467437,"species"
"902","919-Liasis olivaceus barroni",919,106185.8073,"species"
"903","920-Lichenostomus melanops cassidix",920,13.68414024,"species"
"904","921-Limonium australe var. baudinii",921,7.676105652,"species"
"905","922-Limosa lapponica baueri",922,15190.33066,"species"
"906","923-Limosa lapponica menzbieri",923,10244.4318,"species"
"907","924-Limosella granitica",924,1170.86853,"species"
"908","925-Liopholis guthega",925,589.8396148,"species"
"909","926-Liopholis kintorei",926,26861.81062,"species"
"910","927-Liopholis pulchra longicauda",927,0.417215604,"species"
"911","928-Liopholis slateri slateri",928,279.4928502,"species"
"912","929-Lissotes latidens",929,5.007699468,"species"
"913","930-Litoria aurea",930,6698.981147,"species"
"914","931-Litoria booroolongensis",931,10549.72727,"species"
"915","932-Litoria castanea",932,3690.501891,"species"
"916","933-Litoria dayi",933,1230.440765,"species"
"917","934-Litoria littlejohni",934,1338.096354,"species"
"918","935-Litoria lorica",935,2.056174455,"species"
"919","936-Litoria myola",936,55.08150514,"species"
"920","937-Litoria nannotis",937,946.1372588,"species"
"921","938-Litoria nyakalensis",938,297.7626582,"species"
"922","939-Litoria olongburensis",939,3282.972428,"species"
"923","940-Litoria piperata",940,349.5222303,"species"
"924","941-Litoria raniformis",941,7409.131739,"species"
"925","942-Litoria rheocola",942,341.1434382,"species"
"926","943-Litoria spenceri",943,129.0701709,"species"
"927","944-Litoria verreauxii alpina",944,10.22021264,"species"
"928","945-Livistona lanuginosa",945,309.357117,"species"
"929","946-Livistona mariae subsp. mariae",946,28.49547979,"species"
"930","947-Logania diffusa",947,206.7973914,"species"
"931","948-Lomatia tasmanica",948,74.51825909,"species"
"932","949-Lucasium occultum",949,3595.949629,"species"
"933","950-Lychnothamnus barbatus",950,39.53286598,"species"
"934","951-Lysiosepalum abollatum",951,68.3438546,"species"
"935","952-Macadamia integrifolia",952,5347.456525,"species"
"936","953-Macadamia jansenii",953,289.7215902,"species"
"937","954-Macadamia ternifolia",954,2321.000197,"species"
"938","955-Macadamia tetraphylla",955,4555.452349,"species"
"939","956-Macarthuria keigheryi",956,434.3070663,"species"
"940","957-Maccullochella ikei",957,512.0027109,"species"
"941","958-Maccullochella macquariensis",958,627.8616566,"species"
"942","959-Maccullochella mariensis",959,536.8125403,"species"
"943","960-Macquaria australasica",960,1813.348639,"species"
"944","962-Macropteranthes montana",962,8282.029204,"species"
"945","963-Macrotis lagotis",963,498085.3435,"species"
"946","964-Macrozamia conferta",964,208.2606492,"species"
"947","965-Macrozamia cranei",965,292.9179451,"species"
"948","966-Macrozamia macdonnellii",966,96.57556695,"species"
"949","967-Macrozamia machinii",967,333.9489885,"species"
"950","968-Macrozamia occidua",968,184.4348568,"species"
"951","969-Macrozamia parcifolia",969,182.9564681,"species"
"952","970-Macrozamia pauli-guilielmi",970,5874.478119,"species"
"953","971-Macrozamia platyrhachis",971,987.2034195,"species"
"954","972-Maireana cheelii",972,10068.05703,"species"
"955","973-Malurus coronatus coronatus",973,1795.334683,"species"
"956","974-Malurus leucopterus edouardi",974,232.0012375,"species"
"957","975-Malurus leucopterus leucopterus",975,623.8318243,"species"
"958","976-Manorina melanotis",976,22467.97392,"species"
"959","977-Marianthus paralius",977,7.560449686,"species"
"960","978-Marsdenia brevifolia",978,9565.677845,"species"
"961","979-Marsdenia longiloba",979,7094.238508,"species"
"962","980-Marsdenia paludicola",980,251.0497046,"species"
"963","981-Mastacomys fuscus mordicus",981,13709.5292,"species"
"964","982-Medicosma elliptica",982,101.8647407,"species"
"965","983-Medicosma obovata",983,103.8650319,"species"
"966","984-Megascolides australis",984,3.062066971,"species"
"967","985-Melaleuca biconvexa",985,717.4434307,"species"
"968","986-Melaleuca kunzeoides",986,203.447707,"species"
"969","987-Melaleuca sciotostyla",987,152.3500525,"species"
"970","988-Melanodryas cucullata melvillensis",988,6398.748521,"species"
"971","989-Melanotaenia eachamensis",989,20.7422238,"species"
"972","990-Melichrus sp. Gibberagee (Benwell 97239)",990,39.81249984,"species"
"973","991-Melichrus sp. Newfoundland State Forest (P.Gilmour 7852)",991,780.8852549,"species"
"974","992-Mesembriomys gouldii gouldii",992,22305.2117,"species"
"975","993-Mesembriomys gouldii melvillensis",993,4769.708869,"species"
"976","994-Mesembriomys gouldii rattoides",994,28377.67803,"species"
"977","995-Mesodontrachia fitzroyana",995,26.05044085,"species"
"978","996-Microcarpaea agonis",996,0.235107429,"species"
"979","997-Microcorys eremophiloides",997,69.23482933,"species"
"980","998-Microlepidium alatum",998,407.144455,"species"
"981","999-Micromyrtus blakelyi",999,138.0437694,"species"
"982","1000-Micromyrtus grandis",1000,5.495329643,"species"
"983","1001-Micromyrtus minutiflora",1001,74.1445361,"species"
"984","1002-Micropathus kiernani",1002,0.633784735,"species"
"985","1003-Microtis globula",1003,11.09688306,"species"
"986","1004-Milyeringa veritas",1004,60.75655631,"species"
"987","1005-Minuria tridens",1005,7640.361539,"species"
"988","1006-Mirafra javanica melvillensis",1006,148.3304821,"species"
"989","1007-Mitrella tiwiensis",1007,36.58554262,"species"
"990","1008-Mixophyes balbus",1008,19454.73549,"species"
"991","1009-Mixophyes fleayi",1009,7741.925331,"species"
"992","1010-Mixophyes iteratus",1010,5893.960573,"species"
"993","1011-Mogurnda clivicola",1011,4434.775022,"species"
"994","1012-Muehlenbeckia tuggeranong",1012,8.694004364,"species"
"995","1013-Myoporum cordifolium",1013,1049.418073,"species"
"996","1014-Myriophyllum coronatum",1014,2.044549844,"species"
"997","1015-Myriophyllum lapidicola",1015,389.959995,"species"
"998","1016-Myriophyllum porcatum",1016,415.6974024,"species"
"999","1017-Myrmecobius fasciatus",1017,4399.744993,"species"
"1000","1018-Myrmecodia beccarii",1018,8852.206095,"species"
"1001","1019-Nannatherina balstoni",1019,194.1875579,"species"
"1002","1020-Nannoperca obscura",1020,12.78979408,"species"
"1003","1021-Nannoperca oxleyana",1021,509.4708144,"species"
"1004","1022-Nannoperca variegata",1022,340.9167322,"species"
"1005","1024-Neisosperma kilneri",1024,97.17736925,"species"
"1006","1025-Nematolepis frondosa",1025,0.431860952,"species"
"1007","1026-Nematolepis rhytidophylla",1026,1.124942271,"species"
"1008","1027-Nematolepis squamea subsp. coriacea",1027,19.73997466,"species"
"1009","1028-Nematolepis wilsonii",1028,5.684511072,"species"
"1010","1029-Neoceratodus forsteri",1029,686.7953088,"species"
"1011","1030-Neochmia phaeton evangelinae",1030,8277.943896,"species"
"1012","1031-Neochmia ruficauda ruficauda",1031,367223.4669,"species"
"1013","1032-Neophoca cinerea",1032,343.530993,"species"
"1014","1033-Neoroepera buxifolia",1033,404.3055224,"species"
"1015","1034-Newcastelia velutina",1034,21.48815856,"species"
"1016","1035-Notechis scutatus ater",1035,266.1691267,"species"
"1017","1036-Notelaea ipsviciensis",1036,3.188707808,"species"
"1018","1037-Notelaea lloydii",1037,727.2011028,"species"
"1019","1038-Notomys fuscus",1038,161950.2652,"species"
"1020","1040-Nyctophilus corbeni",1040,205108.7955,"species"
"1021","1041-Ochrosia moorei",1041,547.576742,"species"
"1022","1042-Ogyris subterrestris petrina",1042,10.86594153,"species"
"1023","1043-Olax angulata",1043,374.0155299,"species"
"1024","1044-Olearia arckaringensis",1044,3.824984836,"species"
"1025","1045-Olearia cordata",1045,788.4481799,"species"
"1026","1046-Olearia flocktoniae",1046,531.3986966,"species"
"1027","1047-Olearia macdonnellensis",1047,500.424323,"species"
"1028","1048-Olearia microdisca",1048,94.28485515,"species"
"1029","1049-Omphalea celata",1049,12467.26159,"species"
"1030","1050-Onychogalea fraenata",1050,2275.79817,"species"
"1031","1051-Ophidiocephalus taeniatus",1051,16581.26374,"species"
"1032","1052-Ophisternon candidum",1052,100.7536575,"species"
"1033","1053-Ordtrachia septentrionalis",1053,7.574064156,"species"
"1034","1054-Oreisplanus munionga larana",1054,8.757448439,"species"
"1035","1055-Oreixenica ptunarra",1055,211.8345402,"species"
"1036","1056-Oreogrammitis reinwardtii",1056,4.694336537,"species"
"1037","1057-Osphranter robustus isabellinus",1057,232.0012375,"species"
"1038","1058-Owenia cepiodora",1058,2213.479838,"species"
"1039","1059-Ozothamnus eriocephalus",1059,381.4060538,"species"
"1040","1060-Ozothamnus reflexifolius",1060,6.141191938,"species"
"1041","1061-Ozothamnus tesselatus",1061,462.1749713,"species"
"1042","1062-Pachycephala rufogularis",1062,11906.77938,"species"
"1043","1064-Pandanus spiralis var. flammeus",1064,10.09116371,"species"
"1044","1065-Paracaleana dixonii",1065,2583.328397,"species"
"1045","1066-Paralucia pyrodiscus lucida",1066,2.891375208,"species"
"1046","1067-Paralucia spinifera",1067,793.710066,"species"
"1047","1068-Parantechinus apicalis",1068,10848.92464,"species"
"1048","1069-Pardalotus quadragintus",1069,275.1304795,"species"
"1049","1070-Parsonsia dorrigoensis",1070,3496.147814,"species"
"1050","1071-Parsonsia larcomensis",1071,150.8804357,"species"
"1051","1072-Paspalidium grandispiculatum",1072,364.0377818,"species"
"1052","1073-Patersonia spirifolia",1073,35.20221048,"species"
"1053","1074-Pedionomus torquatus",1074,82062.91246,"species"
"1054","1075-Pelargonium sp. Striatellum (G.W.Carr 10345)",1075,49.1216687,"species"
"1055","1076-Perameles bougainville bougainville",1076,261.7217241,"species"
"1056","1077-Perameles gunnii gunnii",1077,11431.43947,"species"
"1057","1078-Perameles gunnii Victorian subspecies",1078,18.77688909,"species"
"1058","1079-Persoonia acerosa",1079,1543.599657,"species"
"1059","1080-Persoonia hirsuta",1080,5493.413612,"species"
"1060","1081-Persoonia marginata",1081,128.4287377,"species"
"1061","1082-Persoonia micranthera",1082,68.42957577,"species"
"1062","1083-Persoonia mollis subsp. maxima",1083,22.31186553,"species"
"1063","1084-Persoonia nutans",1084,149.2501784,"species"
"1064","1085-Persoonia pauciflora",1085,6.515860295,"species"
"1065","1086-Petauroides volans",1086,155909.1455,"species"
"1066","1087-Petaurus australis Wet Tropics subspecies",1087,1750.353469,"species"
"1067","1088-Petrogale coenensis",1088,10057.99388,"species"
"1068","1089-Petrogale concinna canescens",1089,33253.79854,"species"
"1069","1090-Petrogale concinna concinna",1090,9815.588818,"species"
"1070","1091-Petrogale concinna monastria",1091,53055.98387,"species"
"1071","1094-Petrogale lateralis centralis",1094,43442.12682,"species"
"1072","1092-Petrogale lateralis hacketti",1092,9.301001818,"species"
"1073","1093-Petrogale lateralis lateralis",1093,5556.040983,"species"
"1074","1095-Petrogale penicillata",1095,2459.105996,"species"
"1075","1096-Petrogale persephone",1096,389.1280458,"species"
"1076","1097-Petrogale sharmani",1097,3905.598873,"species"
"1077","1098-Petrogale xanthopus celeris",1098,26759.20919,"species"
"1078","1099-Petrogale xanthopus xanthopus",1099,1913.812992,"species"
"1079","1100-Petrophile latericola",1100,11.1552273,"species"
"1080","1101-Petrophile nivea",1101,4.264546943,"species"
"1081","1103-Pezoporus flaviventris",1103,1523.772457,"species"
"1082","1102-Pezoporus occidentalis",1102,572205.5771,"species"
"1083","1104-Phaius australis",1104,2970.306082,"species"
"1084","1105-Phaius bernaysii",1105,247.0128608,"species"
"1085","1106-Phaius pictus",1106,6452.594367,"species"
"1086","1107-Phalaenopsis amabilis subsp. rosenstromii",1107,2691.183729,"species"
"1087","1108-Phaleria biflora",1108,1272.273594,"species"
"1088","1109-Phascogale calura",1109,11229.28151,"species"
"1089","1110-Phascogale pirata",1110,78409.78833,"species"
"1090","1111-Phascogale tapoatafa kimberleyensis",1111,8613.103958,"species"
"1091","1112-Phascolarctos cinereus (combined populations of Qld, NSW and the ACT)",1112,383830.2601,"species"
"1092","1113-Phebalium daviesii",1113,168.0014624,"species"
"1093","1114-Phebalium distans",1114,4583.204263,"species"
"1094","1115-Phebalium glandulosum subsp. eglandulosum",1115,465.4257464,"species"
"1095","1116-Phebalium lowanense",1116,3043.112565,"species"
"1096","1117-Phebalium whitei",1117,67.4680812,"species"
"1097","1118-Pherosphaera fitzgeraldii",1118,39.45085658,"species"
"1098","1119-Philoria frosti",1119,50.15565871,"species"
"1099","1120-Philotheca basistyla",1120,1.805603439,"species"
"1100","1121-Philotheca falcata",1121,41.21398916,"species"
"1101","1122-Philotheca freyciana",1122,11.56345973,"species"
"1102","1123-Philotheca sporadica",1123,1435.995125,"species"
"1103","1124-Phlegmariurus dalhousieanus",1124,17.57586831,"species"
"1104","1125-Phlegmariurus lockyeri",1125,19.84485965,"species"
"1105","1126-Phlegmariurus marsupiiformis",1126,3.317483617,"species"
"1106","1127-Phlegmariurus squarrosus",1127,107.4116225,"species"
"1107","1128-Phlegmariurus tetrastichoides",1128,95.70153018,"species"
"1108","1130-Phyllodes imperialis smithersi",1130,0.771330437,"species"
"1109","1131-Phyllota humifusa",1131,77.97343249,"species"
"1110","1132-Phyllurus gulbaru",1132,1.135113404,"species"
"1111","1133-Picris evae",1133,1508.632757,"species"
"1112","1134-Pimelea curviflora var. curviflora",1134,641.0822259,"species"
"1113","1135-Pimelea leptospermoides",1135,801.6057964,"species"
"1114","1136-Pimelea pagophila",1136,117.6951048,"species"
"1115","1137-Pimelea spicata",1137,375.6847638,"species"
"1116","1138-Pimelea spinescens subsp. pubiflora",1138,18.64418818,"species"
"1117","1139-Pimelea spinescens subsp. spinescens",1139,2586.468825,"species"
"1118","1140-Pimelea venosa",1140,44.38014674,"species"
"1119","1141-Pityrodia augustensis",1141,28327.55315,"species"
"1120","1142-Pityrodia scabra",1142,874.9370218,"species"
"1121","1143-Pityrodia sp. Marble Bar (G.Woodman & D.Coultas GWDC Opp 4)",1143,430.6936268,"species"
"1122","1144-Planchonella eerwah",1144,336.3116783,"species"
"1123","1145-Platycercus caledonicus brownii",1145,46.77348194,"species"
"1124","1146-Plectranthus gratus",1146,100.7513685,"species"
"1125","1147-Plectranthus habrophyllus",1147,113.7128115,"species"
"1126","1148-Plectranthus leiperi",1148,234.3926158,"species"
"1127","1149-Plectranthus nitidus",1149,3674.769597,"species"
"1128","1150-Plectranthus omissus",1150,263.6890713,"species"
"1129","1151-Plectranthus torrenticola",1151,209.6174594,"species"
"1130","1152-Angianthus phyllocalymmeus",1152,264.145173,"species"
"1131","1153-Plinthanthesis rodwayi",1153,1.933233282,"species"
"1132","1154-Poephila cincta cincta",1154,80356.09508,"species"
"1133","1155-Polianthion minutiflorum",1155,376.0368123,"species"
"1134","1156-Polyphlebium endlicherianum",1156,464.6457316,"species"
"1135","1157-Polytelis alexandrae",1157,437177.521,"species"
"1136","1158-Polytelis anthopeplus monarchoides",1158,44800.15359,"species"
"1137","1159-Polytelis swainsonii",1159,64756.84197,"species"
"1138","1160-Pomaderris brunnea",1160,5425.01205,"species"
"1139","1161-Pomaderris clivicola",1161,36.31220315,"species"
"1140","1162-Pomaderris cocoparrana",1162,142.5845212,"species"
"1141","1163-Pomaderris delicata",1163,382.6898228,"species"
"1142","1164-Pomaderris gilmourii var. cana",1164,16.02079003,"species"
"1143","1165-Pomaderris halmaturina subsp. halmaturina",1165,283.999454,"species"
"1144","1166-Pomaderris parrisiae",1166,1588.252592,"species"
"1145","1167-Pomaderris pilifera subsp. talpicutica",1167,7.941072545,"species"
"1146","1168-Pomaderris reperta",1168,40.08054804,"species"
"1147","1169-Pomaderris sericea",1169,167.5426887,"species"
"1148","1170-Pomaderris subplicata",1170,23.19101028,"species"
"1149","1171-Pomaderris vacciniifolia",1171,572.4762678,"species"
"1150","1172-Pommerhelix duralensis",1172,69.67795306,"species"
"1151","1173-Poranthera petalifera",1173,30.84703008,"species"
"1152","1174-Potorous gilbertii",1174,24.61010755,"species"
"1153","1175-Potorous tridactylus tridactylus",1175,43202.9414,"species"
"1154","1176-Prasophyllum amoenum",1176,22.82505169,"species"
"1155","1177-Prasophyllum apoxychilum",1177,26.04065419,"species"
"1156","1178-Prasophyllum atratum",1178,0.414479087,"species"
"1157","1179-Prasophyllum castaneum",1179,57.10979266,"species"
"1158","1180-Prasophyllum colemaniae",1180,6.707492313,"species"
"1159","1181-Prasophyllum crebriflorum",1181,96.99427947,"species"
"1160","1182-Prasophyllum diversiflorum",1182,28.18613894,"species"
"1161","1183-Prasophyllum favonium",1183,73.72686989,"species"
"1162","1184-Prasophyllum frenchii",1184,6071.401878,"species"
"1163","1185-Prasophyllum fuscum",1185,193.3764613,"species"
"1164","1186-Prasophyllum goldsackii",1186,56.04470427,"species"
"1165","1187-Prasophyllum incorrectum",1187,50.56971717,"species"
"1166","1188-Prasophyllum innubum",1188,45.64043741,"species"
"1167","1189-Prasophyllum keltonii",1189,54.46142195,"species"
"1168","1190-Prasophyllum laxum",1190,13.10248181,"species"
"1169","1191-Prasophyllum limnetes",1191,0.194572303,"species"
"1170","1192-Prasophyllum milfordense",1192,0.694430862,"species"
"1171","1193-Prasophyllum morganii",1193,101.0446131,"species"
"1172","1194-Prasophyllum murfetii",1194,24.60874449,"species"
"1173","1195-Prasophyllum perangustum",1195,1.578631988,"species"
"1174","1196-Prasophyllum petilum",1196,6.817545238,"species"
"1175","1197-Prasophyllum pruinosum",1197,307.8107821,"species"
"1176","1198-Prasophyllum pulchellum",1198,96.47847617,"species"
"1177","1199-Prasophyllum robustum",1199,3.892083409,"species"
"1178","1200-Prasophyllum secutum",1200,1414.585603,"species"
"1179","1201-Prasophyllum sp. Wybong (C.Phelps ORG 5269)",1201,243.5391861,"species"
"1180","1202-Prasophyllum stellatum",1202,191.0381097,"species"
"1181","1203-Prasophyllum suaveolens",1203,221.9315493,"species"
"1182","1204-Prasophyllum subbisectum",1204,20.75163471,"species"
"1183","1205-Prasophyllum tunbridgense",1205,53.87723796,"species"
"1184","1206-Prasophyllum validum",1206,0.039120304,"species"
"1185","1207-Prasophyllum wallum",1207,136.0399617,"species"
"1186","1211-Probosciger aterrimus macgillivrayi",1211,44205.07561,"species"
"1187","1212-Prostanthera albohirta",1212,4.320246423,"species"
"1188","1213-Prostanthera askania",1213,19.28001573,"species"
"1189","1214-Prostanthera calycina",1214,1359.221938,"species"
"1190","1215-Prostanthera clotteniana",1215,57.38581008,"species"
"1191","1216-Prostanthera cryptandroides subsp. cryptandroides",1216,932.9499385,"species"
"1192","1217-Prostanthera densa",1217,129.7418039,"species"
"1193","1218-Prostanthera discolor",1218,332.0595376,"species"
"1194","1219-Prostanthera galbraithiae",1219,62.65195558,"species"
"1195","1220-Prostanthera marifolia",1220,0.309454871,"species"
"1196","1221-Prostanthera nudula",1221,458.1109266,"species"
"1197","1222-Prostanthera palustris",1222,184.8236061,"species"
"1198","1223-Prostanthera schultzii",1223,773.6058631,"species"
"1199","1224-Prostanthera sp. Dunmore (D.M.Gordon 8A)",1224,116.3965829,"species"
"1200","1225-Prostanthera spathulata",1225,7.074594514,"species"
"1201","1226-Prostanthera staurophylla",1226,18.6386141,"species"
"1202","1227-Prostanthera stricta",1227,141.7608535,"species"
"1203","1228-Prototroctes maraena",1228,1421.280806,"species"
"1204","1229-Psephotus chrysopterygius",1229,18274.90799,"species"
"1205","1230-Pseudemydura umbrina",1230,2.632145391,"species"
"1206","1231-Pseudocheirus occidentalis",1231,3951.916827,"species"
"1207","1232-Pseudococcus markharveyi",1232,0.102049033,"species"
"1208","1233-Pseudomugil mellis",1233,57.46067688,"species"
"1209","1234-Pseudomys australis",1234,250813.5936,"species"
"1210","1235-Pseudomys fieldi",1235,42.38462972,"species"
"1211","1236-Pseudomys fumeus",1236,13860.58769,"species"
"1212","1237-Pseudomys novaehollandiae",1237,2223.164279,"species"
"1213","1238-Pseudomys oralis",1238,585.8526906,"species"
"1214","1239-Pseudomys pilligaensis",1239,3453.964633,"species"
"1215","1240-Pseudomys shortridgei",1240,18.96166092,"species"
"1216","1241-Pseudophryne pengilleyi",1241,573.6433488,"species"
"1217","1242-Psophodes leucogaster leucogaster",1242,1587.100042,"species"
"1218","1243-Psophodes nigrogularis nigrogularis",1243,197.7149823,"species"
"1219","1244-Pterodroma mollis",1244,3.356758043,"species"
"1220","1245-Pteropus conspicillatus",1245,65391.43378,"species"
"1221","1246-Pteropus poliocephalus",1246,195336.4417,"species"
"1222","1247-Pterostylis arenicola",1247,550.6504232,"species"
"1223","1248-Pterostylis bicornis",1248,28.46546943,"species"
"1224","1249-Pterostylis bryophila",1249,31.12123782,"species"
"1225","1250-Pterostylis cheraphila",1250,2392.338449,"species"
"1226","1251-Pterostylis commutata",1251,969.0558868,"species"
"1227","1252-Pterostylis cucullata",1252,1096.40939,"species"
"1228","1253-Pterostylis despectans",1253,88.09959327,"species"
"1229","1254-Pterostylis mirabilis",1254,1221.311922,"species"
"1230","1255-Pterostylis oreophila",1255,7651.828509,"species"
"1231","1256-Pterostylis pratensis",1256,604.572859,"species"
"1232","1257-Pterostylis psammophila",1257,2.1663814,"species"
"1233","1258-Pterostylis pulchella",1258,23.29480227,"species"
"1234","1259-Pterostylis saxicola",1259,361.0590151,"species"
"1235","1260-Pterostylis sinuata",1260,79.26410271,"species"
"1236","1261-Pterostylis sp. Botany Bay (A.Bishop J221/1-13)",1261,1.783543718,"species"
"1237","1262-Pterostylis sp. Hale (R.Bates 21725)",1262,1025.763369,"species"
"1238","1263-Pterostylis tenuissima",1263,176.0377133,"species"
"1239","1264-Pterostylis valida",1264,10.41341629,"species"
"1240","1265-Pterostylis wapstrarum",1265,0.887521318,"species"
"1241","1266-Pterostylis X aenigma",1266,15.89045586,"species"
"1242","1267-Pterostylis xerophila",1267,9913.828791,"species"
"1243","1268-Pterostylis ziegeleri",1268,65.49049173,"species"
"1244","1269-Ptilotus beckerianus",1269,2135.628667,"species"
"1245","1270-Ptilotus pyramidatus",1270,3.708177792,"species"
"1246","1271-Pultenaea aristata",1271,466.6201263,"species"
"1247","1272-Pultenaea baeuerlenii",1272,117.5797508,"species"
"1248","1273-Pultenaea elusa",1273,12.53811624,"species"
"1249","1274-Pultenaea glabra",1274,1529.231977,"species"
"1250","1275-Pultenaea parrisiae",1275,226.837133,"species"
"1251","1276-Pultenaea parviflora",1276,121.6982894,"species"
"1252","1277-Pultenaea pauciflora",1277,104.3859932,"species"
"1253","1278-Pultenaea setulosa",1278,517.2218161,"species"
"1254","1279-Pultenaea sp. Genowlan Point (NSW 417813)",1279,0.217454284,"species"
"1255","1280-Pultenaea trichophylla",1280,251.4880994,"species"
"1256","1281-Pultenaea villifera var. glabrescens",1281,253.1880892,"species"
"1257","1282-Pultenaea williamsoniana",1282,288.9790636,"species"
"1258","1283-Randia moorei",1283,931.9900672,"species"
"1259","1284-Ranunculus prasinus",1284,225.9172634,"species"
"1260","1285-Reedia spathacea",1285,283.4988302,"species"
"1261","1286-Rhagodia acicularis",1286,18.19806613,"species"
"1262","1287-Rhaphidospora bonneyana",1287,2755.091425,"species"
"1263","1288-Rhaponticum australe",1288,6898.041539,"species"
"1264","1289-Rheodytes leukops",1289,1693.790582,"species"
"1265","1291-Rhinerrhizopsis matutina",1291,12315.44719,"species"
"1266","1292-Rhinolophus robertsi",1292,93994.53337,"species"
"1267","1293-Rhinonicteris aurantia (Pilbara form)",1293,65919.67559,"species"
"1268","1294-Rhizanthella gardneri",1294,25.24388879,"species"
"1269","1295-Rhizanthella slateri",1295,336.784836,"species"
"1270","1296-Ricinocarpos brevis",1296,19734.76992,"species"
"1271","1297-Ricinocarpos gloria-medii",1297,183.1656953,"species"
"1272","1298-Ricinocarpos trichophorus",1298,10270.60971,"species"
"1273","1299-Ristantia gouldii",1299,700.5185114,"species"
"1274","1300-Romnalda strobilacea",1300,233.3035702,"species"
"1275","1301-Rostratula australis",1301,721711.9228,"species"
"1276","1302-Roycea pycnophylloides",1302,6676.556715,"species"
"1277","1303-Rutidosis heterogama",1303,3448.84079,"species"
"1278","1304-Rutidosis leiolepis",1304,1842.091679,"species"
"1279","1305-Rytidosperma pumilum",1305,29.2097069,"species"
"1280","1306-Saccolaimus saccolaimus nudicluniatus",1306,183654.2107,"species"
"1281","1307-Coeranoscincus reticulatus",1307,8892.032459,"species"
"1282","1308-Samadera bidwillii",1308,29407.8024,"species"
"1283","1309-Samadera sp. Moonee Creek (J.King s.n. Nov. 1949)",1309,616.5497478,"species"
"1284","1310-Sankowskya stipularis",1310,48.00714652,"species"
"1285","1311-Sannantha tozerensis",1311,91.02253202,"species"
"1286","1312-Sarcochilus hartmannii",1312,539.3307572,"species"
"1287","1313-Sarcochilus hirticalcar",1313,40.25170346,"species"
"1288","1314-Sarcochilus weinthalii",1314,398.0824408,"species"
"1289","1315-Sarcophilus harrisii",1315,40454.68801,"species"
"1290","1316-Breynia macrantha",1316,30.3621955,"species"
"1291","1317-Scaevola macrophylla",1317,16.52117832,"species"
"1292","1318-Scaturiginichthys vermeilipinnis",1318,1.319697007,"species"
"1293","1319-Schoenia filifolia subsp. subulifolia",1319,33.99910468,"species"
"1294","1320-Sclerolaena blakei",1320,9561.576429,"species"
"1295","1321-Sclerolaena napiformis",1321,3180.049251,"species"
"1296","1322-Sclerolaena walkeri",1322,76648.68913,"species"
"1297","1323-Selaginella andrewsii",1323,97.73763778,"species"
"1298","1324-Senecio behrianus",1324,15.98576536,"species"
"1299","1325-Senecio macrocarpus",1325,1625.537437,"species"
"1300","1326-Senecio megaglossus",1326,1224.537406,"species"
"1301","1327-Senecio psilocarpus",1327,11375.77956,"species"
"1302","1328-Seringia exastia",1328,1.193361703,"species"
"1303","1329-Setonix brachyurus",1329,5879.085203,"species"
"1304","1330-Sminthopsis butleri",1330,7097.209895,"species"
"1305","1331-Sminthopsis douglasi",1331,26710.70636,"species"
"1306","1332-Sminthopsis griseoventer aitkeni",1332,743.6798265,"species"
"1307","1333-Sminthopsis psammophila",1333,91895.53161,"species"
"1308","1334-Solanum dissectum",1334,1776.881682,"species"
"1309","1335-Solanum dunalianum",1335,637.603495,"species"
"1310","1336-Solanum johnsonianum",1336,1765.624072,"species"
"1311","1337-Solanum sulphureum",1337,120.4254828,"species"
"1312","1338-Sophora fraseri",1338,5672.981565,"species"
"1313","1339-Sphaerolobium acanthos",1339,616.7785238,"species"
"1314","1340-Sphenotoma drummondii",1340,618.537444,"species"
"1315","1341-Spicospina flammocaerulea",1341,2.949959974,"species"
"1316","1342-Spirogardnera rubescens",1342,89.06865591,"species"
"1317","1343-Spyridium coactilifolium",1343,59.72394978,"species"
"1318","1344-Spyridium eriocephalum var. glabrisepalum",1344,621.7296382,"species"
"1319","1345-Spyridium furculentum",1345,0.416796563,"species"
"1320","1346-Spyridium lawrencei",1346,694.8267934,"species"
"1321","1347-Spyridium obcordatum",1347,276.3646395,"species"
"1322","1348-Stachystemon nematophorus",1348,928.6485862,"species"
"1323","1349-Stackhousia annua",1349,930.9757298,"species"
"1324","1350-Stenanthemum pimeleoides",1350,7.870017475,"species"
"1325","1351-Sternula nereis nereis",1351,3447.629566,"species"
"1326","1352-Stipiturus malachurus intermedius",1352,168.451875,"species"
"1327","1353-Stipiturus malachurus parimeda",1353,1238.473194,"species"
"1328","1354-Stipiturus mallee",1354,4017.829069,"species"
"1329","1355-Stonesiella selaginoides",1355,227.6739292,"species"
"1330","1356-Strepera fuliginosa colei",1356,505.2651145,"species"
"1331","1357-Stylidium applanatum",1357,17.1324274,"species"
"1332","1358-Stylidium ensatum",1358,75.46765324,"species"
"1333","1359-Stylidium galioides",1359,206.3764966,"species"
"1334","1360-Stylidium semaphorum",1360,3.251687091,"species"
"1335","1361-Styphelia longissima",1361,0.321567328,"species"
"1336","1362-Styphelia perileuca",1362,26.38528298,"species"
"1337","1363-Swainsona murrayana",1363,131901.6876,"species"
"1338","1364-Swainsona plagiotropis",1364,1009.365472,"species"
"1339","1365-Swainsona pyrophila",1365,57813.93323,"species"
"1340","1366-Swainsona recta",1366,380.8358587,"species"
"1341","1367-Symonanthus bancroftii",1367,382.4447794,"species"
"1342","1368-Symplocos baeuerlenii",1368,524.534111,"species"
"1343","1369-Synaphea quartzitica",1369,282.2668758,"species"
"1344","1370-Synaphea sp. Fairbridge Farm (D. Papenfus 696)",1370,113.3873879,"species"
"1345","1371-Synaphea sp. Pinjarra (R. Davis 6578)",1371,4.947858506,"species"
"1346","1372-Synaphea sp. Serpentine (G.R. Brand 103)",1372,16.71144884,"species"
"1347","1373-Synaphea stenoloba",1373,67.63724671,"species"
"1348","1374-Syzygium hodgkinsoniae",1374,2165.005114,"species"
"1349","1375-Syzygium moorei",1375,540.7431309,"species"
"1350","1376-Syzygium paniculatum",1376,8412.986367,"species"
"1351","1377-Syzygium velarum",1377,123.9897605,"species"
"1352","1378-Tachyglossus aculeatus multiaculeatus",1378,423.9352287,"species"
"1353","1379-Taraxacum cygnorum",1379,535.1101365,"species"
"1354","1380-Leucopatus anophthalmus",1380,3.5589251,"species"
"1355","1381-Taudactylus pleione",1381,121.9779117,"species"
"1356","1382-Tecticornia flabelliformis",1382,918.5996232,"species"
"1357","1383-Tephrosia leveillei",1383,1792.314011,"species"
"1358","1384-Tetraria australiensis",1384,10.70741568,"species"
"1359","1385-Tetratheca aphylla",1385,148.1307687,"species"
"1360","1386-Tetratheca deltoidea",1386,3.527539658,"species"
"1361","1387-Tetratheca gunnii",1387,26.07556815,"species"
"1362","1388-Tetratheca harperi",1388,36.88833067,"species"
"1363","1389-Tetratheca juncea",1389,2446.31961,"species"
"1364","1390-Tetratheca nephelioides",1390,268.7412927,"species"
"1365","1391-Tetratheca paynterae",1391,520.6704258,"species"
"1366","1393-Thalassarche bulleri platei",1393,218.9923603,"species"
"1367","1399-Thaumatoperla alpina",1399,203.1172912,"species"
"1368","1400-Thelymitra adorata",1400,76.16069787,"species"
"1369","1401-Thelymitra cyanapicata",1401,4.037204802,"species"
"1370","1402-Thelymitra dedmaniarum",1402,994.5894238,"species"
"1371","1403-Thelymitra epipactoides",1403,1463.291868,"species"
"1372","1404-Thelymitra hygrophila",1404,4.26143801,"species"
"1373","1405-Thelymitra jonesii",1405,939.9668976,"species"
"1374","1406-Thelymitra kangaloonica",1406,189.9574635,"species"
"1375","1407-Thelymitra mackibbinii",1407,42.65668233,"species"
"1376","1408-Thelymitra matthewsii",1408,2342.176276,"species"
"1377","1409-Thelymitra psammophila",1409,4665.381249,"species"
"1378","1410-Thelymitra stellata",1410,2082.480599,"species"
"1379","1411-Thersites mitchellae",1411,170.5200977,"species"
"1380","1412-Thesium australe",1412,107024.408,"species"
"1381","1413-Thinornis cucullatus cucullatus",1413,2167.205615,"species"
"1382","1414-Thomasia montana",1414,263.7058088,"species"
"1383","1415-Thomasia sp. Green Hill (S.Paust 1322)",1415,8.108575623,"species"
"1384","1416-Thryptomene wittweri",1416,369.2661114,"species"
"1385","1418-Thynninorchis nothofagicola",1418,55.66945324,"species"
"1386","1419-Tiliqua adelaidensis",1419,425.6139982,"species"
"1387","1420-Toechima pterocarpum",1420,97.12846609,"species"
"1388","1421-Toechima sp. East Alligator (J.Russell-Smith 8418)",1421,32.68862784,"species"
"1389","1422-Trachymene scapigera",1422,24.52194541,"species"
"1390","1423-Tribonanthes purpurea",1423,684.0703428,"species"
"1391","1424-Trichanthodium baracchianum",1424,26.47578424,"species"
"1392","1425-Triplarina nitchaga",1425,242.548933,"species"
"1393","1426-Triplarina nowraensis",1426,39.62151196,"species"
"1394","1427-Trisyntopa scatophaga",1427,170.1244129,"species"
"1395","1428-Trithuria occidentalis",1428,1.677404982,"species"
"1396","1429-Triunia robusta",1429,1021.474627,"species"
"1397","1430-Tropilis callitrophilis",1430,246.3548934,"species"
"1398","1431-Turnix melanogaster",1431,41426.8075,"species"
"1399","1432-Turnix varius scintillans",1432,10.3669193,"species"
"1400","1433-Tylophora linearis",1433,10867.51876,"species"
"1401","1434-Tylophora rupicola",1434,261.257016,"species"
"1402","1435-Tylophora woollsii",1435,13247.67076,"species"
"1403","1436-Tympanocryptis condaminensis",1436,168.5613724,"species"
"1404","1437-Tympanocryptis pinguicolla",1437,1144.063933,"species"
"1405","1438-Typhonium jonesii",1438,6070.027557,"species"
"1406","1439-Typhonium taylori",1439,40.1263154,"species"
"1407","1440-Tyto novaehollandiae castanops (Tasmanian population)",1440,17467.76883,"species"
"1408","1441-Tyto novaehollandiae kimberli",1441,357832.353,"species"
"1409","1442-Tyto novaehollandiae melvillensis",1442,6241.900369,"species"
"1410","1443-Uvidicolus sphyrurus",1443,24077.29339,"species"
"1411","1444-Vanda hindsii",1444,2245.572965,"species"
"1412","1445-Vappodes lithocola",1445,1582.703539,"species"
"1413","1446-Vappodes phalaenopsis",1446,20923.83848,"species"
"1414","1447-Velleia perfoliata",1447,625.2978919,"species"
"1415","1448-Veronica ciliolata",1448,15.19909292,"species"
"1416","1449-Veronica derwentiana subsp. homalodonta",1449,1215.671468,"species"
"1417","1450-Veronica parnkalliana",1450,150.15538,"species"
"1418","1451-Verticordia albida",1451,122.87167,"species"
"1419","1452-Verticordia apecta",1452,28.58833244,"species"
"1420","1453-Verticordia crebra",1453,1620.866407,"species"
"1421","1454-Verticordia densiflora var. pedunculata",1454,6.320061642,"species"
"1422","1455-Verticordia fimbrilepis subsp. australis",1455,20.56847409,"species"
"1423","1456-Verticordia fimbrilepis subsp. fimbrilepis",1456,985.027308,"species"
"1424","1457-Verticordia helichrysantha",1457,488.7431027,"species"
"1425","1458-Verticordia pityrhops",1458,8.477567473,"species"
"1426","1459-Verticordia plumosa var. ananeotes",1459,5.527866561,"species"
"1427","1460-Verticordia plumosa var. vassensis",1460,8.993397852,"species"
"1428","1461-Verticordia staminosa subsp. staminosa",1461,202.0835058,"species"
"1429","1462-Verticordia staminosa var. cylindracea",1462,1728.701762,"species"
"1430","1463-Vrydagzynea grayi",1463,210.0955847,"species"
"1431","1464-Westralunio carteri",1464,221.2045666,"species"
"1432","1465-Westringia crassifolia",1465,210.0161887,"species"
"1433","1466-Westringia cremnophila",1466,2.676919409,"species"
"1434","1467-Westringia davidii",1467,18.35205194,"species"
"1435","1468-Westringia kydrensis",1468,10.55399349,"species"
"1436","1469-Westringia parvifolia",1469,3102.705082,"species"
"1437","1470-Westringia rupicola",1470,322.4028696,"species"
"1438","1471-Wollemia nobilis",1471,5111.649625,"species"
"1439","1472-Wollumbinia georgesi",1472,14.15191255,"species"
"1440","1473-Wurmbea calcicola",1473,25.52031066,"species"
"1441","1474-Wurmbea tubulosa",1474,156.4240629,"species"
"1442","1475-Xanthorrhoea arenaria",1475,26.27697556,"species"
"1443","1476-Xanthorrhoea bracteata",1476,1588.40883,"species"
"1444","1477-Xanthostemon formosus",1477,47.34607754,"species"
"1445","1478-Xanthostemon oppositifolius",1478,379.6113688,"species"
"1446","1479-Xerochrysum palustre",1479,17739.72121,"species"
"1447","1480-Xeromys myoides",1480,28044.87839,"species"
"1448","1481-Xerothamnella herbacea",1481,3322.933448,"species"
"1449","1482-Xerothamnella parvifolia",1482,6696.390497,"species"
"1450","1483-Xylopia monosperma",1483,1464.74926,"species"
"1451","1484-Xyris exilis",1484,7.495562952,"species"
"1452","1485-Zearaja maugeana",1485,9.469704751,"species"
"1453","1486-Zeuxine polygonoides",1486,1306.661016,"species"
"1454","1487-Zieria adenophora",1487,2.036061183,"species"
"1455","1488-Zieria baeuerlenii",1488,2.331495362,"species"
"1456","1489-Zieria bifida",1489,7.697387681,"species"
"1457","1490-Zieria buxijugum",1490,0.617585638,"species"
"1458","1491-Zieria citriodora",1491,193.7148408,"species"
"1459","1492-Zieria collina",1492,236.7097615,"species"
"1460","1493-Zieria covenyi",1493,16.27282075,"species"
"1461","1494-Zieria floydii",1494,88.64470222,"species"
"1462","1495-Zieria formosa",1495,0.190248187,"species"
"1463","1496-Zieria granulata",1496,115.2049882,"species"
"1464","1497-Zieria involucrata",1497,727.2953665,"species"
"1465","1498-Zieria lasiocaulis",1498,413.2848893,"species"
"1466","1499-Zieria murphyi",1499,201.9351382,"species"
"1467","1500-Zieria obcordata",1500,64.7364985,"species"
"1468","1501-Zieria obovata",1501,67.74748726,"species"
"1469","1502-Zieria parrisiae",1502,11.66298892,"species"
"1470","1503-Zieria prostrata",1503,8.696013344,"species"
"1471","1504-Zieria rimulosa",1504,25.74231535,"species"
"1472","1505-Zieria tuberculata",1505,14.09874467,"species"
"1473","1506-Zieria verrucosa",1506,416.4084316,"species"
"1474","1507-Zoothera lunulata halmaturina",1507,1191.394297,"species"
"1475","1508-Zyzomys maini",1508,2341.525255,"species"
"1476","1509-Zyzomys pedunculatus",1509,3859.596822,"species"
